name,model_type,model_id,revision,class_weight,C,negative_threshold,cv_macro_f1_mean,cv_macro_f1_std,cv_balanced_accuracy_mean,cv_balanced_accuracy_std,cv_accuracy_mean,cv_accuracy_std,oof_macro_f1,oof_balanced_accuracy,oof_accuracy,negative_precision,negative_recall,negative_f1,per_class_json,confusion_matrix_json,fit_seconds,dutch_rows,dutch_macro_f1,dutch_accuracy,dutch_negative_recall,english_rows,english_macro_f1,english_accuracy,english_negative_recall,cache_hit,cache_path,cache_sha256,encode_seconds,embedding_dimension,max_sequence_length
official_tfidf_baseline,tfidf_word_char_logreg,official_combined_balanced_ratings,submission-v1,balanced,1.0,argmax,0.6472435121804612,0.026896847313233052,0.6220104714742598,0.029208190382907572,0.6698809620817036,0.010441222922883816,0.6484564362831063,0.6220114569822741,0.6698801459093278,0.7333333333333333,0.5041666666666667,0.5975308641975309,"{""Average"": {""f1-score"": 0.6731866340668297, ""precision"": 0.6583421891604676, ""recall"": 0.688715953307393, ""support"": 1799.0}, ""Negative"": {""f1-score"": 0.5975308641975309, ""precision"": 0.7333333333333333, ""recall"": 0.5041666666666667, ""support"": 240.0}, ""Positive"": {""f1-score"": 0.6746518105849583, ""precision"": 0.6761585706309324, ""recall"": 0.6731517509727627, ""support"": 1799.0}}","[[1211, 569, 19], [535, 1239, 25], [45, 74, 121]]",101.52165571600199,3450,0.6524100900134808,0.6715942028985508,0.521551724137931,388,0.28278167522011394,0.654639175257732,0.0,,,,,,
multilingual_minilm__c0.25__balanced__threshold_argmax,frozen_sentence_embedding_logreg,sentence-transformers/paraphrase-multilingual-MiniLM-L12-v2,e8f8c211226b894fcb81acc59f3b34ba3efd5f42,balanced,0.25,argmax,0.48772908261898085,0.011991805574443869,0.5880699989683277,0.024549048461562948,0.5341352944372013,0.007966658900612673,0.48784158823695795,0.5880635847075536,0.5341323606044815,0.2165206508135169,0.7208333333333333,0.33301251203079885,"{""Average"": {""f1-score"": 0.5447852760736196, ""precision"": 0.6078028747433265, ""recall"": 0.4936075597554197, ""support"": 1799.0}, ""Negative"": {""f1-score"": 0.33301251203079885, ""precision"": 0.2165206508135169, ""recall"": 0.7208333333333333, ""support"": 240.0}, ""Positive"": {""f1-score"": 0.5857269766064555, ""precision"": 0.6267427122940431, ""recall"": 0.5497498610339078, ""support"": 1799.0}}","[[989, 534, 276], [561, 888, 350], [28, 39, 173]]",0.4388182011898607,3450,0.4862924614487933,0.5289855072463768,0.7241379310344828,388,0.4548674692573993,0.5798969072164949,0.625,False,.cache/embeddings/multilingual_minilm-85541c62801a5963.npz,4d29b0f57f5529de486ad2d586ff8f043370dba1b0852caad8b5179e2bc2009c,223.1857763179578,384.0,128.0
multilingual_minilm__c0.25__balanced__threshold_0.25,frozen_sentence_embedding_logreg,sentence-transformers/paraphrase-multilingual-MiniLM-L12-v2,e8f8c211226b894fcb81acc59f3b34ba3efd5f42,balanced,0.25,0.25,0.4190025348548648,0.005827305843750281,0.5717293407613742,0.01501929736214757,0.45023563124728383,0.0065407363250567655,0.4191141424336468,0.5717304366623434,0.45023449713392394,0.1484375,0.8708333333333333,0.2536407766990291,"{""Average"": {""f1-score"": 0.45565217391304347, ""precision"": 0.6087360594795539, ""recall"": 0.3640911617565314, ""support"": 1799.0}, ""Negative"": {""f1-score"": 0.2536407766990291, ""precision"": 0.1484375, ""recall"": 0.8708333333333333, ""support"": 240.0}, ""Positive"": {""f1-score"": 0.5480494766888677, ""precision"": 0.638109305760709, ""recall"": 0.4802668148971651, ""support"": 1799.0}}","[[864, 407, 528], [473, 655, 671], [17, 14, 209]]",0.4388182011898607,3450,0.4194473978960458,0.44869565217391305,0.875,388,0.3849035671616317,0.4639175257731959,0.75,False,.cache/embeddings/multilingual_minilm-85541c62801a5963.npz,4d29b0f57f5529de486ad2d586ff8f043370dba1b0852caad8b5179e2bc2009c,223.1857763179578,384.0,128.0
multilingual_minilm__c0.25__balanced__threshold_0.3,frozen_sentence_embedding_logreg,sentence-transformers/paraphrase-multilingual-MiniLM-L12-v2,e8f8c211226b894fcb81acc59f3b34ba3efd5f42,balanced,0.25,0.3,0.4515947274482711,0.007386178253745142,0.5831378314247395,0.019887962965718955,0.4916625923511517,0.006531041088028324,0.4517886244465699,0.5831372367364586,0.49166232412714955,0.17383512544802868,0.8083333333333333,0.2861356932153392,"{""Average"": {""f1-score"": 0.4977139124755062, ""precision"": 0.6033254156769596, ""recall"": 0.4235686492495831, ""support"": 1799.0}, ""Negative"": {""f1-score"": 0.2861356932153392, ""precision"": 0.17383512544802868, ""recall"": 0.8083333333333333, ""support"": 240.0}, ""Positive"": {""f1-score"": 0.5715162676488643, ""precision"": 0.6381082933516107, ""recall"": 0.5175097276264592, ""support"": 1799.0}}","[[931, 474, 394], [509, 762, 528], [19, 27, 194]]",0.4388182011898607,3450,0.4508091365907678,0.48782608695652174,0.8103448275862069,388,0.4232315264718875,0.5257731958762887,0.75,False,.cache/embeddings/multilingual_minilm-85541c62801a5963.npz,4d29b0f57f5529de486ad2d586ff8f043370dba1b0852caad8b5179e2bc2009c,223.1857763179578,384.0,128.0
multilingual_minilm__c0.25__balanced__threshold_0.35,frozen_sentence_embedding_logreg,sentence-transformers/paraphrase-multilingual-MiniLM-L12-v2,e8f8c211226b894fcb81acc59f3b34ba3efd5f42,balanced,0.25,0.35,0.4795926175253175,0.011743041476582488,0.5886198803260084,0.025086143407406673,0.5247552015428074,0.009734356924900017,0.47969704992745665,0.5886148168735718,0.5247524752475248,0.2057471264367816,0.7458333333333333,0.3225225225225225,"{""Average"": {""f1-score"": 0.5313768342179207, ""precision"": 0.6061253561253561, ""recall"": 0.47304057809894384, ""support"": 1799.0}, ""Negative"": {""f1-score"": 0.3225225225225225, ""precision"": 0.2057471264367816, ""recall"": 0.7458333333333333, ""support"": 240.0}, ""Positive"": {""f1-score"": 0.5851917930419268, ""precision"": 0.629156010230179, ""recall"": 0.5469705391884381, ""support"": 1799.0}}","[[984, 519, 296], [553, 851, 395], [27, 34, 179]]",0.4388182011898607,3450,0.4784985849532439,0.52,0.75,388,0.44339902010678456,0.5670103092783505,0.625,False,.cache/embeddings/multilingual_minilm-85541c62801a5963.npz,4d29b0f57f5529de486ad2d586ff8f043370dba1b0852caad8b5179e2bc2009c,223.1857763179578,384.0,128.0
multilingual_minilm__c0.25__balanced__threshold_0.4,frozen_sentence_embedding_logreg,sentence-transformers/paraphrase-multilingual-MiniLM-L12-v2,e8f8c211226b894fcb81acc59f3b34ba3efd5f42,balanced,0.25,0.4,0.5045308758310482,0.009191990561562034,0.5903899721448468,0.019122135616643672,0.5492462516297262,0.007619304039671522,0.5048250225202491,0.5903850904823668,0.5492443981240229,0.25113464447806355,0.6916666666666667,0.36847946725860153,"{""Average"": {""f1-score"": 0.5537908300869044, ""precision"": 0.6007802340702211, ""recall"": 0.5136186770428015, ""support"": 1799.0}, ""Negative"": {""f1-score"": 0.36847946725860153, ""precision"": 0.25113464447806355, ""recall"": 0.6916666666666667, ""support"": 240.0}, ""Positive"": {""f1-score"": 0.5922047702152414, ""precision"": 0.6211104331909701, ""recall"": 0.565869927737632, ""support"": 1799.0}}","[[1018, 569, 212], [592, 924, 283], [29, 45, 166]]",0.4388182011898607,3450,0.5035248026171825,0.5446376811594202,0.6982758620689655,388,0.4613526570048309,0.5902061855670103,0.5,False,.cache/embeddings/multilingual_minilm-85541c62801a5963.npz,4d29b0f57f5529de486ad2d586ff8f043370dba1b0852caad8b5179e2bc2009c,223.1857763179578,384.0,128.0
multilingual_minilm__c0.25__negative_7__threshold_argmax,frozen_sentence_embedding_logreg,sentence-transformers/paraphrase-multilingual-MiniLM-L12-v2,e8f8c211226b894fcb81acc59f3b34ba3efd5f42,negative_7,0.25,argmax,0.4944836033178731,0.010799428196796818,0.5843693902816465,0.02200083453482135,0.5424727020860496,0.006677340726866185,0.49468812776389864,0.584363998517695,0.5424700364773319,0.22727272727272727,0.6875,0.3416149068322981,"{""Average"": {""f1-score"": 0.554318386999699, ""precision"": 0.6043307086614174, ""recall"": 0.5119510839355197, ""support"": 1799.0}, ""Negative"": {""f1-score"": 0.3416149068322981, ""precision"": 0.22727272727272727, ""recall"": 0.6875, ""support"": 240.0}, ""Positive"": {""f1-score"": 0.5881310894596988, ""precision"": 0.6272040302267002, ""recall"": 0.5536409116175653, ""support"": 1799.0}}","[[996, 557, 246], [563, 921, 315], [29, 46, 165]]",0.46867943182587624,3450,0.49469050728993197,0.5385507246376812,0.6939655172413793,388,0.44290705800139757,0.5773195876288659,0.5,False,.cache/embeddings/multilingual_minilm-85541c62801a5963.npz,4d29b0f57f5529de486ad2d586ff8f043370dba1b0852caad8b5179e2bc2009c,223.1857763179578,384.0,128.0
multilingual_minilm__c0.25__negative_7__threshold_0.25,frozen_sentence_embedding_logreg,sentence-transformers/paraphrase-multilingual-MiniLM-L12-v2,e8f8c211226b894fcb81acc59f3b34ba3efd5f42,negative_7,0.25,0.25,0.43257618045914265,0.00319633285145094,0.5757164964407304,0.006558054989377749,0.46769237559756627,0.004364942679757933,0.43265447482313196,0.5757195355444383,0.46769150599270454,0.1573208722741433,0.8416666666666667,0.2650918635170604,"{""Average"": {""f1-score"": 0.4749073762209498, ""precision"": 0.6025641025641025, ""recall"": 0.39188438021122846, ""support"": 1799.0}, ""Negative"": {""f1-score"": 0.2650918635170604, ""precision"": 0.1573208722741433, ""recall"": 0.8416666666666667, ""support"": 240.0}, ""Positive"": {""f1-score"": 0.5579641847313855, ""precision"": 0.6416184971098265, ""recall"": 0.4936075597554197, ""support"": 1799.0}}","[[888, 443, 468], [480, 705, 614], [16, 22, 202]]",0.46867943182587624,3450,0.43407303218750753,0.46695652173913044,0.8448275862068966,388,0.3904492637794723,0.4742268041237113,0.75,False,.cache/embeddings/multilingual_minilm-85541c62801a5963.npz,4d29b0f57f5529de486ad2d586ff8f043370dba1b0852caad8b5179e2bc2009c,223.1857763179578,384.0,128.0
multilingual_minilm__c0.25__negative_7__threshold_0.3,frozen_sentence_embedding_logreg,sentence-transformers/paraphrase-multilingual-MiniLM-L12-v2,e8f8c211226b894fcb81acc59f3b34ba3efd5f42,negative_7,0.25,0.3,0.4644773542117555,0.009942283271177297,0.5887006086866811,0.02478181350540698,0.5062561114732724,0.007120123099282738,0.46458115928580285,0.5886989685627818,0.5062532569046378,0.18774703557312253,0.7916666666666666,0.3035143769968051,"{""Average"": {""f1-score"": 0.5147947820553611, ""precision"": 0.6019345238095238, ""recall"": 0.44969427459699834, ""support"": 1799.0}, ""Negative"": {""f1-score"": 0.3035143769968051, ""precision"": 0.18774703557312253, ""recall"": 0.7916666666666666, ""support"": 240.0}, ""Positive"": {""f1-score"": 0.5754343188052423, ""precision"": 0.6369770580296896, ""recall"": 0.5247359644246804, ""support"": 1799.0}}","[[944, 504, 351], [519, 809, 471], [19, 31, 190]]",0.46867943182587624,3450,0.4639670148831654,0.5026086956521739,0.7931034482758621,388,0.42979195884394655,0.538659793814433,0.75,False,.cache/embeddings/multilingual_minilm-85541c62801a5963.npz,4d29b0f57f5529de486ad2d586ff8f043370dba1b0852caad8b5179e2bc2009c,223.1857763179578,384.0,128.0
multilingual_minilm__c0.25__negative_7__threshold_0.35,frozen_sentence_embedding_logreg,sentence-transformers/paraphrase-multilingual-MiniLM-L12-v2,e8f8c211226b894fcb81acc59f3b34ba3efd5f42,negative_7,0.25,0.35,0.4855424227506765,0.011116777799772229,0.5874192716393274,0.022984525092359206,0.5315307882442417,0.007862576974125098,0.48564652536236014,0.587414304243098,0.5315268368942158,0.21428571428571427,0.725,0.33079847908745247,"{""Average"": {""f1-score"": 0.5417177914110429, ""precision"": 0.6043805612594113, ""recall"": 0.49082823790994995, ""support"": 1799.0}, ""Negative"": {""f1-score"": 0.33079847908745247, ""precision"": 0.21428571428571427, ""recall"": 0.725, ""support"": 240.0}, ""Positive"": {""f1-score"": 0.584423305588585, ""precision"": 0.6281150159744409, ""recall"": 0.546414674819344, ""support"": 1799.0}}","[[983, 538, 278], [556, 883, 360], [26, 40, 174]]",0.46867943182587624,3450,0.4846691289438692,0.5269565217391304,0.728448275862069,388,0.44630324213176337,0.5721649484536082,0.625,False,.cache/embeddings/multilingual_minilm-85541c62801a5963.npz,4d29b0f57f5529de486ad2d586ff8f043370dba1b0852caad8b5179e2bc2009c,223.1857763179578,384.0,128.0
multilingual_minilm__c0.25__negative_7__threshold_0.4,frozen_sentence_embedding_logreg,sentence-transformers/paraphrase-multilingual-MiniLM-L12-v2,e8f8c211226b894fcb81acc59f3b34ba3efd5f42,negative_7,0.25,0.4,0.510026779847961,0.01175294405891935,0.5904825647374394,0.02331182116277334,0.55445696164711,0.006047968942151251,0.5102978856010275,0.5904800506454203,0.5544554455445545,0.26121794871794873,0.6791666666666667,0.3773148148148148,"{""Average"": {""f1-score"": 0.5599289730689553, ""precision"": 0.5987341772151898, ""recall"": 0.5258476931628683, ""support"": 1799.0}, ""Negative"": {""f1-score"": 0.3773148148148148, ""precision"": 0.26121794871794873, ""recall"": 0.6791666666666667, ""support"": 240.0}, ""Positive"": {""f1-score"": 0.5936498689193126, ""precision"": 0.6236230110159119, ""recall"": 0.566425792106726, ""support"": 1799.0}}","[[1019, 587, 193], [585, 946, 268], [30, 47, 163]]",0.46867943182587624,3450,0.5094879122791779,0.5504347826086956,0.6853448275862069,388,0.4623295210731544,0.5902061855670103,0.5,False,.cache/embeddings/multilingual_minilm-85541c62801a5963.npz,4d29b0f57f5529de486ad2d586ff8f043370dba1b0852caad8b5179e2bc2009c,223.1857763179578,384.0,128.0
multilingual_minilm__c0.5__balanced__threshold_argmax,frozen_sentence_embedding_logreg,sentence-transformers/paraphrase-multilingual-MiniLM-L12-v2,e8f8c211226b894fcb81acc59f3b34ba3efd5f42,balanced,0.5,argmax,0.492653794005126,0.012040593484090178,0.5864964407304241,0.02539474705279283,0.5403897082790091,0.007540227126504846,0.4928846696593771,0.5864924958310173,0.5403856175091193,0.22281167108753316,0.7,0.3380281690140845,"{""Average"": {""f1-score"": 0.5525997581620314, ""precision"": 0.6056991385023194, ""recall"": 0.5080600333518621, ""support"": 1799.0}, ""Negative"": {""f1-score"": 0.3380281690140845, ""precision"": 0.22281167108753316, ""recall"": 0.7, ""support"": 240.0}, ""Positive"": {""f1-score"": 0.5880260818020154, ""precision"": 0.6298412698412699, ""recall"": 0.5514174541411896, ""support"": 1799.0}}","[[992, 552, 255], [554, 914, 331], [29, 43, 168]]",0.5311661302112043,3450,0.4907734866982098,0.5339130434782609,0.7068965517241379,388,0.4553900177420478,0.5979381443298969,0.5,False,.cache/embeddings/multilingual_minilm-85541c62801a5963.npz,4d29b0f57f5529de486ad2d586ff8f043370dba1b0852caad8b5179e2bc2009c,223.1857763179578,384.0,128.0
multilingual_minilm__c0.5__balanced__threshold_0.25,frozen_sentence_embedding_logreg,sentence-transformers/paraphrase-multilingual-MiniLM-L12-v2,e8f8c211226b894fcb81acc59f3b34ba3efd5f42,balanced,0.5,0.25,0.43519592806747864,0.004461524791588737,0.580995305890849,0.010154873959561933,0.4700381627553238,0.005440170512235131,0.43524113426225836,0.5809979309492929,0.4700364773319437,0.16040688575899845,0.8541666666666666,0.27009222661396576,"{""Average"": {""f1-score"": 0.47558100370495116, ""precision"": 0.6034188034188034, ""recall"": 0.3924402445803224, ""support"": 1799.0}, ""Negative"": {""f1-score"": 0.27009222661396576, ""precision"": 0.16040688575899845, ""recall"": 0.8541666666666666, ""support"": 240.0}, ""Positive"": {""f1-score"": 0.5600501724678583, ""precision"": 0.6424460431654676, ""recall"": 0.4963868816008894, ""support"": 1799.0}}","[[893, 444, 462], [482, 706, 611], [15, 20, 205]]",0.5311661302112043,3450,0.4345559647381214,0.46695652173913044,0.8577586206896551,388,0.4067523013286813,0.49742268041237114,0.75,False,.cache/embeddings/multilingual_minilm-85541c62801a5963.npz,4d29b0f57f5529de486ad2d586ff8f043370dba1b0852caad8b5179e2bc2009c,223.1857763179578,384.0,128.0
multilingual_minilm__c0.5__balanced__threshold_0.3,frozen_sentence_embedding_logreg,sentence-transformers/paraphrase-multilingual-MiniLM-L12-v2,e8f8c211226b894fcb81acc59f3b34ba3efd5f42,balanced,0.5,0.3,0.4623813724942415,0.010262327218253384,0.5862006086866811,0.024900018605243907,0.5044338738591916,0.007637930419180752,0.4625170504934037,0.586198350935705,0.5044293903074518,0.18439024390243902,0.7875,0.29881422924901185,"{""Average"": {""f1-score"": 0.51434034416826, ""precision"": 0.6026885735623599, ""recall"": 0.44858254585881047, ""support"": 1799.0}, ""Negative"": {""f1-score"": 0.29881422924901185, ""precision"": 0.18439024390243902, ""recall"": 0.7875, ""support"": 240.0}, ""Positive"": {""f1-score"": 0.5743965780629392, ""precision"": 0.6377204884667571, ""recall"": 0.5225125069483046, ""support"": 1799.0}}","[[940, 501, 358], [514, 807, 478], [20, 31, 189]]",0.5311661302112043,3450,0.46057058595632844,0.4991304347826087,0.7887931034482759,388,0.43858948201824616,0.5515463917525774,0.75,False,.cache/embeddings/multilingual_minilm-85541c62801a5963.npz,4d29b0f57f5529de486ad2d586ff8f043370dba1b0852caad8b5179e2bc2009c,223.1857763179578,384.0,128.0
multilingual_minilm__c0.5__balanced__threshold_0.35,frozen_sentence_embedding_logreg,sentence-transformers/paraphrase-multilingual-MiniLM-L12-v2,e8f8c211226b894fcb81acc59f3b34ba3efd5f42,balanced,0.5,0.35,0.48217840543231477,0.009672277637706075,0.5851944702362529,0.02205132494062561,0.528404090612777,0.00635556016454619,0.48233548048821134,0.5851908467667223,0.5284002084418968,0.20938628158844766,0.725,0.32492997198879553,"{""Average"": {""f1-score"": 0.5382959089510919, ""precision"": 0.6026170798898072, ""recall"": 0.48638132295719844, ""support"": 1799.0}, ""Negative"": {""f1-score"": 0.32492997198879553, ""precision"": 0.20938628158844766, ""recall"": 0.725, ""support"": 240.0}, ""Positive"": {""f1-score"": 0.5837805605247466, ""precision"": 0.6295819935691318, ""recall"": 0.5441912173429683, ""support"": 1799.0}}","[[979, 537, 283], [550, 875, 374], [26, 40, 174]]",0.5311661302112043,3450,0.4795660102754044,0.5217391304347826,0.728448275862069,388,0.4559018429986172,0.5876288659793815,0.625,False,.cache/embeddings/multilingual_minilm-85541c62801a5963.npz,4d29b0f57f5529de486ad2d586ff8f043370dba1b0852caad8b5179e2bc2009c,223.1857763179578,384.0,128.0
multilingual_minilm__c0.5__balanced__threshold_0.4,frozen_sentence_embedding_logreg,sentence-transformers/paraphrase-multilingual-MiniLM-L12-v2,e8f8c211226b894fcb81acc59f3b34ba3efd5f42,balanced,0.5,0.4,0.5039107419234153,0.013683075425739832,0.5899244300010317,0.027648817881056685,0.5502902949804434,0.007524547462880144,0.5042388986413838,0.5899226422086344,0.5502866076081292,0.2451708766716196,0.6875,0.3614457831325301,"{""Average"": {""f1-score"": 0.5590692124105012, ""precision"": 0.6033483580167418, ""recall"": 0.5208449138410228, ""support"": 1799.0}, ""Negative"": {""f1-score"": 0.3614457831325301, ""precision"": 0.2451708766716196, ""recall"": 0.6875, ""support"": 240.0}, ""Positive"": {""f1-score"": 0.5922017003811199, ""precision"": 0.6265508684863523, ""recall"": 0.5614230127848805, ""support"": 1799.0}}","[[1010, 571, 218], [572, 937, 290], [30, 45, 165]]",0.5311661302112043,3450,0.5027097920217435,0.5446376811594202,0.6939655172413793,388,0.4603706938984908,0.6005154639175257,0.5,False,.cache/embeddings/multilingual_minilm-85541c62801a5963.npz,4d29b0f57f5529de486ad2d586ff8f043370dba1b0852caad8b5179e2bc2009c,223.1857763179578,384.0,128.0
multilingual_minilm__c0.5__negative_7__threshold_argmax,frozen_sentence_embedding_logreg,sentence-transformers/paraphrase-multilingual-MiniLM-L12-v2,e8f8c211226b894fcb81acc59f3b34ba3efd5f42,negative_7,0.5,argmax,0.49825783250840416,0.010798469768773255,0.5842767976890539,0.02247418736402911,0.5474233349630595,0.005572385331858131,0.4985432177930003,0.5842736705577173,0.5474205315268369,0.23109843081312412,0.675,0.3443145589798087,"{""Average"": {""f1-score"": 0.5596165368484122, ""precision"": 0.6068875893437297, ""recall"": 0.519177320733741, ""support"": 1799.0}, ""Negative"": {""f1-score"": 0.3443145589798087, ""precision"": 0.23109843081312412, ""recall"": 0.675, ""support"": 240.0}, ""Positive"": {""f1-score"": 0.59169855755078, ""precision"": 0.6289111389236546, ""recall"": 0.5586436909394108, ""support"": 1799.0}}","[[1005, 556, 238], [564, 934, 301], [29, 49, 162]]",0.5098941149190068,3450,0.49640843209121827,0.5408695652173913,0.6810344827586207,388,0.46129141311697097,0.6056701030927835,0.5,False,.cache/embeddings/multilingual_minilm-85541c62801a5963.npz,4d29b0f57f5529de486ad2d586ff8f043370dba1b0852caad8b5179e2bc2009c,223.1857763179578,384.0,128.0
multilingual_minilm__c0.5__negative_7__threshold_0.25,frozen_sentence_embedding_logreg,sentence-transformers/paraphrase-multilingual-MiniLM-L12-v2,e8f8c211226b894fcb81acc59f3b34ba3efd5f42,negative_7,0.5,0.25,0.4446362863173009,0.005689302446347232,0.5784125141854947,0.014172050488394023,0.48332756138635374,0.006693132716031876,0.4447160725222996,0.5784116175653141,0.4833246482542991,0.16666666666666666,0.8125,0.2765957446808511,"{""Average"": {""f1-score"": 0.49162011173184356, ""precision"": 0.6012861736334405, ""recall"": 0.41578654808226795, ""support"": 1799.0}, ""Negative"": {""f1-score"": 0.2765957446808511, ""precision"": 0.16666666666666666, ""recall"": 0.8125, ""support"": 240.0}, ""Positive"": {""f1-score"": 0.5659323611542042, ""precision"": 0.6404494382022472, ""recall"": 0.5069483046136742, ""support"": 1799.0}}","[[912, 471, 416], [492, 748, 559], [20, 25, 195]]",0.5098941149190068,3450,0.4433043250564473,0.4791304347826087,0.8146551724137931,388,0.41941729202888506,0.520618556701031,0.75,False,.cache/embeddings/multilingual_minilm-85541c62801a5963.npz,4d29b0f57f5529de486ad2d586ff8f043370dba1b0852caad8b5179e2bc2009c,223.1857763179578,384.0,128.0
multilingual_minilm__c0.5__negative_7__threshold_0.3,frozen_sentence_embedding_logreg,sentence-transformers/paraphrase-multilingual-MiniLM-L12-v2,e8f8c211226b894fcb81acc59f3b34ba3efd5f42,negative_7,0.5,0.3,0.47231718602426653,0.007666391026759501,0.5876877643660373,0.02242731420322767,0.5166788896132116,0.005817283368020626,0.4725697784728089,0.5876852881230312,0.5166753517457009,0.19488817891373802,0.7625,0.3104325699745547,"{""Average"": {""f1-score"": 0.5278996865203762, ""precision"": 0.6053199137311287, ""recall"": 0.4680377987770984, ""support"": 1799.0}, ""Negative"": {""f1-score"": 0.3104325699745547, ""precision"": 0.19488817891373802, ""recall"": 0.7625, ""support"": 240.0}, ""Positive"": {""f1-score"": 0.5793770789234957, ""precision"": 0.6352785145888594, ""recall"": 0.5325180655919955, ""support"": 1799.0}}","[[958, 516, 325], [526, 842, 431], [24, 33, 183]]",0.5098941149190068,3450,0.4701764992125801,0.5107246376811594,0.7629310344827587,388,0.451054088254033,0.5695876288659794,0.75,False,.cache/embeddings/multilingual_minilm-85541c62801a5963.npz,4d29b0f57f5529de486ad2d586ff8f043370dba1b0852caad8b5179e2bc2009c,223.1857763179578,384.0,128.0
multilingual_minilm__c0.5__negative_7__threshold_0.35,frozen_sentence_embedding_logreg,sentence-transformers/paraphrase-multilingual-MiniLM-L12-v2,e8f8c211226b894fcb81acc59f3b34ba3efd5f42,negative_7,0.5,0.35,0.4906063235803007,0.008987420487478007,0.5884377901578459,0.023436388153035562,0.5380432420686658,0.004433510177531511,0.4909534141350164,0.5884357050213082,0.5380406461698801,0.21895006402048656,0.7125,0.33496571988246815,"{""Average"": {""f1-score"": 0.548995739500913, ""precision"": 0.6065904505716208, ""recall"": 0.5013896609227348, ""support"": 1799.0}, ""Negative"": {""f1-score"": 0.33496571988246815, ""precision"": 0.21895006402048656, ""recall"": 0.7125, ""support"": 240.0}, ""Positive"": {""f1-score"": 0.5888987830216682, ""precision"": 0.6318471337579618, ""recall"": 0.5514174541411896, ""support"": 1799.0}}","[[992, 542, 265], [552, 902, 345], [26, 43, 171]]",0.5098941149190068,3450,0.4893700917442037,0.5321739130434783,0.7198275862068966,388,0.44886582573677886,0.5902061855670103,0.5,False,.cache/embeddings/multilingual_minilm-85541c62801a5963.npz,4d29b0f57f5529de486ad2d586ff8f043370dba1b0852caad8b5179e2bc2009c,223.1857763179578,384.0,128.0
multilingual_minilm__c0.5__negative_7__threshold_0.4,frozen_sentence_embedding_logreg,sentence-transformers/paraphrase-multilingual-MiniLM-L12-v2,e8f8c211226b894fcb81acc59f3b34ba3efd5f42,negative_7,0.5,0.4,0.5067960349281175,0.014238404798883693,0.5868724852986692,0.026597020707616083,0.5544589988048675,0.007515635531497997,0.5070826193020995,0.5868692483478476,0.5544554455445545,0.24922118380062305,0.6666666666666666,0.36281179138321995,"{""Average"": {""f1-score"": 0.5627038244885858, ""precision"": 0.6029224904701398, ""recall"": 0.5275152862701501, ""support"": 1799.0}, ""Negative"": {""f1-score"": 0.36281179138321995, ""precision"": 0.24922118380062305, ""recall"": 0.6666666666666666, ""support"": 240.0}, ""Positive"": {""f1-score"": 0.5957322420344928, ""precision"": 0.6282367447595562, ""recall"": 0.566425792106726, ""support"": 1799.0}}","[[1019, 575, 205], [573, 949, 277], [30, 50, 160]]",0.5098941149190068,3450,0.5050933256092566,0.5484057971014493,0.6724137931034483,388,0.4673842534488954,0.6082474226804123,0.5,False,.cache/embeddings/multilingual_minilm-85541c62801a5963.npz,4d29b0f57f5529de486ad2d586ff8f043370dba1b0852caad8b5179e2bc2009c,223.1857763179578,384.0,128.0
multilingual_minilm__c0.75__balanced__threshold_argmax,frozen_sentence_embedding_logreg,sentence-transformers/paraphrase-multilingual-MiniLM-L12-v2,e8f8c211226b894fcb81acc59f3b34ba3efd5f42,balanced,0.75,argmax,0.4953769975592198,0.009658837280775717,0.5846461363870834,0.020109724628016398,0.5445573935245545,0.004981097822213059,0.49555087388406366,0.584642702736088,0.5445544554455446,0.22465753424657534,0.6833333333333333,0.33814432989690724,"{""Average"": {""f1-score"": 0.5567258501354198, ""precision"": 0.6069553805774278, ""recall"": 0.5141745414118954, ""support"": 1799.0}, ""Negative"": {""f1-score"": 0.33814432989690724, ""precision"": 0.22465753424657534, ""recall"": 0.6833333333333333, ""support"": 240.0}, ""Positive"": {""f1-score"": 0.591782441619864, ""precision"": 0.6319444444444444, ""recall"": 0.556420233463035, ""support"": 1799.0}}","[[1001, 550, 248], [556, 925, 318], [27, 49, 164]]",0.7112640768755227,3450,0.49342865439985867,0.5379710144927536,0.6896551724137931,388,0.45862902529569194,0.6030927835051546,0.5,False,.cache/embeddings/multilingual_minilm-85541c62801a5963.npz,4d29b0f57f5529de486ad2d586ff8f043370dba1b0852caad8b5179e2bc2009c,223.1857763179578,384.0,128.0
multilingual_minilm__c0.75__balanced__threshold_0.25,frozen_sentence_embedding_logreg,sentence-transformers/paraphrase-multilingual-MiniLM-L12-v2,e8f8c211226b894fcb81acc59f3b34ba3efd5f42,balanced,0.75,0.25,0.43932377231763464,0.004807228104166868,0.5761841019292273,0.014376359423574363,0.47681205182529335,0.00562331191295086,0.43944304112562715,0.5761866160212463,0.4768108389786347,0.16267547481420314,0.8208333333333333,0.2715368711233632,"{""Average"": {""f1-score"": 0.4839030866246266, ""precision"": 0.600494233937397, ""recall"": 0.40522512506948305, ""support"": 1799.0}, ""Negative"": {""f1-score"": 0.2715368711233632, ""precision"": 0.16267547481420314, ""recall"": 0.8208333333333333, ""support"": 240.0}, ""Positive"": {""f1-score"": 0.5628891656288917, ""precision"": 0.6397735314932768, ""recall"": 0.5025013896609227, ""support"": 1799.0}}","[[904, 461, 434], [490, 729, 580], [19, 24, 197]]",0.7112640768755227,3450,0.43801063360317793,0.4727536231884058,0.8232758620689655,388,0.41514547220943904,0.5128865979381443,0.75,False,.cache/embeddings/multilingual_minilm-85541c62801a5963.npz,4d29b0f57f5529de486ad2d586ff8f043370dba1b0852caad8b5179e2bc2009c,223.1857763179578,384.0,128.0
multilingual_minilm__c0.75__balanced__threshold_0.3,frozen_sentence_embedding_logreg,sentence-transformers/paraphrase-multilingual-MiniLM-L12-v2,e8f8c211226b894fcb81acc59f3b34ba3efd5f42,balanced,0.75,0.3,0.4675840772569758,0.008421572110143688,0.5851846693490147,0.023966447605962136,0.5114675005432421,0.005665249081262956,0.4677717610194243,0.5851831264282626,0.5114643043251693,0.188911704312115,0.7666666666666667,0.3031301482701812,"{""Average"": {""f1-score"": 0.5230283911671925, ""precision"": 0.6046681254558717, ""recall"": 0.4608115619788771, ""support"": 1799.0}, ""Negative"": {""f1-score"": 0.3031301482701812, ""precision"": 0.188911704312115, ""recall"": 0.7666666666666667, ""support"": 240.0}, ""Positive"": {""f1-score"": 0.5771567436208992, ""precision"": 0.6363027461486939, ""recall"": 0.528071150639244, ""support"": 1799.0}}","[[950, 508, 341], [521, 829, 449], [22, 34, 184]]",0.7112640768755227,3450,0.46503728945536055,0.5052173913043478,0.7672413793103449,388,0.4494124045693552,0.5670103092783505,0.75,False,.cache/embeddings/multilingual_minilm-85541c62801a5963.npz,4d29b0f57f5529de486ad2d586ff8f043370dba1b0852caad8b5179e2bc2009c,223.1857763179578,384.0,128.0
multilingual_minilm__c0.75__balanced__threshold_0.35,frozen_sentence_embedding_logreg,sentence-transformers/paraphrase-multilingual-MiniLM-L12-v2,e8f8c211226b894fcb81acc59f3b34ba3efd5f42,balanced,0.75,0.35,0.48736628959951955,0.008134235002879376,0.5902880945011865,0.022185936202241192,0.5338748777705346,0.0050838940190505565,0.4876687790069291,0.5902854981162374,0.5338718082334549,0.2141982864137087,0.7291666666666666,0.33112582781456956,"{""Average"": {""f1-score"": 0.5444512568976089, ""precision"": 0.606971975393028, ""recall"": 0.4936075597554197, ""support"": 1799.0}, ""Negative"": {""f1-score"": 0.33112582781456956, ""precision"": 0.2141982864137087, ""recall"": 0.7291666666666666, ""support"": 240.0}, ""Positive"": {""f1-score"": 0.5874292523086089, ""precision"": 0.6328626444159179, ""recall"": 0.548082267926626, ""support"": 1799.0}}","[[986, 534, 279], [548, 888, 363], [24, 41, 175]]",0.7112640768755227,3450,0.485298950100757,0.527536231884058,0.7327586206896551,388,0.45754421061405703,0.5902061855670103,0.625,False,.cache/embeddings/multilingual_minilm-85541c62801a5963.npz,4d29b0f57f5529de486ad2d586ff8f043370dba1b0852caad8b5179e2bc2009c,223.1857763179578,384.0,128.0
multilingual_minilm__c0.75__balanced__threshold_0.4,frozen_sentence_embedding_logreg,sentence-transformers/paraphrase-multilingual-MiniLM-L12-v2,e8f8c211226b894fcb81acc59f3b34ba3efd5f42,balanced,0.75,0.4,0.5039818494949407,0.012202163153870758,0.5894619828742391,0.025772871124658467,0.551331622120817,0.005130908756828151,0.5042691174051835,0.5894601939349021,0.5513288170922356,0.24260355029585798,0.6833333333333333,0.35807860262008734,"{""Average"": {""f1-score"": 0.5598328857057595, ""precision"": 0.604381443298969, ""recall"": 0.5214007782101168, ""support"": 1799.0}, ""Negative"": {""f1-score"": 0.35807860262008734, ""precision"": 0.24260355029585798, ""recall"": 0.6833333333333333, ""support"": 240.0}, ""Positive"": {""f1-score"": 0.5948958638897037, ""precision"": 0.6298136645962733, ""recall"": 0.5636464702612562, ""support"": 1799.0}}","[[1014, 567, 218], [567, 938, 294], [29, 47, 164]]",0.7112640768755227,3450,0.5029371425161275,0.5457971014492754,0.6896551724137931,388,0.4595654057587713,0.6005154639175257,0.5,False,.cache/embeddings/multilingual_minilm-85541c62801a5963.npz,4d29b0f57f5529de486ad2d586ff8f043370dba1b0852caad8b5179e2bc2009c,223.1857763179578,384.0,128.0
multilingual_minilm__c0.75__negative_7__threshold_argmax,frozen_sentence_embedding_logreg,sentence-transformers/paraphrase-multilingual-MiniLM-L12-v2,e8f8c211226b894fcb81acc59f3b34ba3efd5f42,negative_7,0.75,argmax,0.5024736421659638,0.009951626948440418,0.5855741256576911,0.023062052716751883,0.5526343845067362,0.004497779475894871,0.5027957811234642,0.5855722314866284,0.5526315789473685,0.23494860499265785,0.6666666666666666,0.3474484256243214,"{""Average"": {""f1-score"": 0.5635820895522388, ""precision"": 0.6086395873629916, ""recall"": 0.5247359644246804, ""support"": 1799.0}, ""Negative"": {""f1-score"": 0.3474484256243214, ""precision"": 0.23494860499265785, ""recall"": 0.6666666666666666, ""support"": 240.0}, ""Positive"": {""f1-score"": 0.5973568281938326, ""precision"": 0.6332503113325031, ""recall"": 0.5653140633685381, ""support"": 1799.0}}","[[1017, 554, 228], [562, 944, 293], [27, 53, 160]]",0.8762659758795053,3450,0.5009237624941545,0.5463768115942029,0.6724137931034483,388,0.461308326191173,0.6082474226804123,0.5,False,.cache/embeddings/multilingual_minilm-85541c62801a5963.npz,4d29b0f57f5529de486ad2d586ff8f043370dba1b0852caad8b5179e2bc2009c,223.1857763179578,384.0,128.0
multilingual_minilm__c0.75__negative_7__threshold_0.25,frozen_sentence_embedding_logreg,sentence-transformers/paraphrase-multilingual-MiniLM-L12-v2,e8f8c211226b894fcb81acc59f3b34ba3efd5f42,negative_7,0.75,0.25,0.4532273314836074,0.004619128510051503,0.5811933869802951,0.014845493187255724,0.4940097376140809,0.004104456329701511,0.45327889408113026,0.5811940275461676,0.4940072954663887,0.1734786557674841,0.7958333333333333,0.284862043251305,"{""Average"": {""f1-score"": 0.5046910384988677, ""precision"": 0.6037151702786377, ""recall"": 0.43357420789327406, ""support"": 1799.0}, ""Negative"": {""f1-score"": 0.284862043251305, ""precision"": 0.1734786557674841, ""recall"": 0.7958333333333333, ""support"": 240.0}, ""Positive"": {""f1-score"": 0.5702836004932182, ""precision"": 0.6401384083044983, ""recall"": 0.5141745414118954, ""support"": 1799.0}}","[[925, 483, 391], [500, 780, 519], [20, 29, 191]]",0.8762659758795053,3450,0.4518339536554654,0.4895652173913044,0.7974137931034483,388,0.42596941391254334,0.5335051546391752,0.75,False,.cache/embeddings/multilingual_minilm-85541c62801a5963.npz,4d29b0f57f5529de486ad2d586ff8f043370dba1b0852caad8b5179e2bc2009c,223.1857763179578,384.0,128.0
multilingual_minilm__c0.75__negative_7__threshold_0.3,frozen_sentence_embedding_logreg,sentence-transformers/paraphrase-multilingual-MiniLM-L12-v2,e8f8c211226b894fcb81acc59f3b34ba3efd5f42,negative_7,0.75,0.3,0.4763430542115262,0.007387146950672443,0.5888004229856597,0.022991381594018426,0.5216291829639287,0.006030644318850268,0.47664112335997305,0.588798560928911,0.5216258467952058,0.1986827661909989,0.7541666666666667,0.314509122502172,"{""Average"": {""f1-score"": 0.5315034310667498, ""precision"": 0.605543710021322, ""recall"": 0.4735964424680378, ""support"": 1799.0}, ""Negative"": {""f1-score"": 0.314509122502172, ""precision"": 0.1986827661909989, ""recall"": 0.7541666666666667, ""support"": 240.0}, ""Positive"": {""f1-score"": 0.5839108165109973, ""precision"": 0.6375, ""recall"": 0.5386325736520289, ""support"": 1799.0}}","[[969, 519, 311], [528, 852, 419], [23, 36, 181]]",0.8762659758795053,3450,0.47357273875783273,0.515072463768116,0.7543103448275862,388,0.45651385234483827,0.5798969072164949,0.75,False,.cache/embeddings/multilingual_minilm-85541c62801a5963.npz,4d29b0f57f5529de486ad2d586ff8f043370dba1b0852caad8b5179e2bc2009c,223.1857763179578,384.0,128.0
multilingual_minilm__c0.75__negative_7__threshold_0.35,frozen_sentence_embedding_logreg,sentence-transformers/paraphrase-multilingual-MiniLM-L12-v2,e8f8c211226b894fcb81acc59f3b34ba3efd5f42,negative_7,0.75,0.35,0.4938601533294519,0.009002893782224805,0.590660012380068,0.023648029237666898,0.5411702792264232,0.006653667109751644,0.49422559621883394,0.5906591624976839,0.541167274622199,0.2235294117647059,0.7125,0.3402985074626866,"{""Average"": {""f1-score"": 0.5509708737864077, ""precision"": 0.6065464261857048, ""recall"": 0.5047248471372985, ""support"": 1799.0}, ""Negative"": {""f1-score"": 0.3402985074626866, ""precision"": 0.2235294117647059, ""recall"": 0.7125, ""support"": 240.0}, ""Positive"": {""f1-score"": 0.5914074074074074, ""precision"": 0.633248730964467, ""recall"": 0.5547526403557532, ""support"": 1799.0}}","[[998, 544, 257], [554, 908, 337], [24, 45, 171]]",0.8762659758795053,3450,0.4932628876942937,0.5359420289855072,0.7198275862068966,388,0.44574098771506554,0.5876288659793815,0.5,False,.cache/embeddings/multilingual_minilm-85541c62801a5963.npz,4d29b0f57f5529de486ad2d586ff8f043370dba1b0852caad8b5179e2bc2009c,223.1857763179578,384.0,128.0
multilingual_minilm__c0.75__negative_7__threshold_0.4,frozen_sentence_embedding_logreg,sentence-transformers/paraphrase-multilingual-MiniLM-L12-v2,e8f8c211226b894fcb81acc59f3b34ba3efd5f42,negative_7,0.75,0.4,0.5110971839697094,0.0117515740751971,0.5920571546476838,0.025523723787721178,0.558366946436332,0.0056917328998132375,0.5114813499691945,0.5920557717250324,0.5583637311099531,0.25391849529780564,0.675,0.3690205011389522,"{""Average"": {""f1-score"": 0.5669431279620853, ""precision"": 0.6068484464172479, ""recall"": 0.5319622012229016, ""support"": 1799.0}, ""Negative"": {""f1-score"": 0.3690205011389522, ""precision"": 0.25391849529780564, ""recall"": 0.675, ""support"": 240.0}, ""Positive"": {""f1-score"": 0.5984804208065458, ""precision"": 0.6309303758471966, ""recall"": 0.5692051139521956, ""support"": 1799.0}}","[[1024, 571, 204], [570, 957, 272], [29, 49, 162]]",0.8762659758795053,3450,0.5097641786877933,0.552463768115942,0.6810344827586207,388,0.46752799310938853,0.6108247422680413,0.5,False,.cache/embeddings/multilingual_minilm-85541c62801a5963.npz,4d29b0f57f5529de486ad2d586ff8f043370dba1b0852caad8b5179e2bc2009c,223.1857763179578,384.0,128.0
multilingual_minilm__c1.0__balanced__threshold_argmax,frozen_sentence_embedding_logreg,sentence-transformers/paraphrase-multilingual-MiniLM-L12-v2,e8f8c211226b894fcb81acc59f3b34ba3efd5f42,balanced,1.0,argmax,0.49849887149044186,0.00951921750909442,0.5860360569483132,0.020614219921619256,0.5482059430682312,0.006015792355943607,0.4987561018969919,0.5860331356926688,0.5482021886399167,0.22797202797202798,0.6791666666666667,0.3413612565445026,"{""Average"": {""f1-score"": 0.5604560456045604, ""precision"": 0.6088657105606258, ""recall"": 0.519177320733741, ""support"": 1799.0}, ""Negative"": {""f1-score"": 0.3413612565445026, ""precision"": 0.22797202797202798, ""recall"": 0.6791666666666667, ""support"": 240.0}, ""Positive"": {""f1-score"": 0.5944510035419126, ""precision"": 0.6337319068596602, ""recall"": 0.5597554196775987, ""support"": 1799.0}}","[[1007, 550, 242], [555, 934, 310], [27, 50, 163]]",0.8713231799192727,3450,0.4970345994131937,0.5420289855072464,0.6853448275862069,388,0.4580350736913224,0.6030927835051546,0.5,False,.cache/embeddings/multilingual_minilm-85541c62801a5963.npz,4d29b0f57f5529de486ad2d586ff8f043370dba1b0852caad8b5179e2bc2009c,223.1857763179578,384.0,128.0
multilingual_minilm__c1.0__balanced__threshold_0.25,frozen_sentence_embedding_logreg,sentence-transformers/paraphrase-multilingual-MiniLM-L12-v2,e8f8c211226b894fcb81acc59f3b34ba3efd5f42,balanced,1.0,0.25,0.44711248654560265,0.006213466845950727,0.5804474878778499,0.017280681153133276,0.48619316329856577,0.006098265385804429,0.4472619980950414,0.5804497869186586,0.48619072433559146,0.16868512110726644,0.8125,0.2793696275071633,"{""Average"": {""f1-score"": 0.4954188481675393, ""precision"": 0.6022275258552108, ""recall"": 0.4207893274041134, ""support"": 1799.0}, ""Negative"": {""f1-score"": 0.2793696275071633, ""precision"": 0.16868512110726644, ""recall"": 0.8125, ""support"": 240.0}, ""Positive"": {""f1-score"": 0.5669975186104218, ""precision"": 0.6414035087719299, ""recall"": 0.5080600333518621, ""support"": 1799.0}}","[[914, 474, 411], [492, 757, 550], [19, 26, 195]]",0.8713231799192727,3450,0.44568049144912014,0.4817391304347826,0.8146551724137931,388,0.422521702283607,0.5257731958762887,0.75,False,.cache/embeddings/multilingual_minilm-85541c62801a5963.npz,4d29b0f57f5529de486ad2d586ff8f043370dba1b0852caad8b5179e2bc2009c,223.1857763179578,384.0,128.0
multilingual_minilm__c1.0__balanced__threshold_0.3,frozen_sentence_embedding_logreg,sentence-transformers/paraphrase-multilingual-MiniLM-L12-v2,e8f8c211226b894fcb81acc59f3b34ba3efd5f42,balanced,1.0,0.3,0.47086695927050226,0.008513171273764945,0.5875925925925926,0.023715865463796837,0.5148549543676662,0.0064096441007319566,0.47109253892312,0.5875918720276697,0.5148514851485149,0.1930745015739769,0.7666666666666667,0.30846605196982396,"{""Average"": {""f1-score"": 0.5261837566635309, ""precision"": 0.6035971223021582, ""recall"": 0.4663702056698166, ""support"": 1799.0}, ""Negative"": {""f1-score"": 0.30846605196982396, ""precision"": 0.1930745015739769, ""recall"": 0.7666666666666667, ""support"": 240.0}, ""Positive"": {""f1-score"": 0.5786278081360049, ""precision"": 0.6374581939799331, ""recall"": 0.5297387437465259, ""support"": 1799.0}}","[[953, 517, 329], [520, 839, 440], [22, 34, 184]]",0.8713231799192727,3450,0.46816621309601286,0.5084057971014493,0.7672413793103449,388,0.4510628233555063,0.5721649484536082,0.75,False,.cache/embeddings/multilingual_minilm-85541c62801a5963.npz,4d29b0f57f5529de486ad2d586ff8f043370dba1b0852caad8b5179e2bc2009c,223.1857763179578,384.0,128.0
multilingual_minilm__c1.0__balanced__threshold_0.35,frozen_sentence_embedding_logreg,sentence-transformers/paraphrase-multilingual-MiniLM-L12-v2,e8f8c211226b894fcb81acc59f3b34ba3efd5f42,balanced,1.0,0.35,0.48855740582325435,0.00724043737723542,0.5895463220881048,0.02374580156346953,0.5362193068231204,0.005552125067359642,0.48904845877449704,0.5895458896918041,0.5362167795726941,0.2138442521631644,0.7208333333333333,0.32983794089609153,"{""Average"": {""f1-score"": 0.5482295482295483, ""precision"": 0.6079891672308734, ""recall"": 0.4991662034463591, ""support"": 1799.0}, ""Negative"": {""f1-score"": 0.32983794089609153, ""precision"": 0.2138442521631644, ""recall"": 0.7208333333333333, ""support"": 240.0}, ""Positive"": {""f1-score"": 0.5890778871978514, ""precision"": 0.6359536082474226, ""recall"": 0.5486381322957199, ""support"": 1799.0}}","[[987, 536, 276], [541, 898, 360], [24, 43, 173]]",0.8713231799192727,3450,0.48738113378589915,0.5301449275362319,0.728448275862069,388,0.44784927830725224,0.5902061855670103,0.5,False,.cache/embeddings/multilingual_minilm-85541c62801a5963.npz,4d29b0f57f5529de486ad2d586ff8f043370dba1b0852caad8b5179e2bc2009c,223.1857763179578,384.0,128.0
multilingual_minilm__c1.0__balanced__threshold_0.4,frozen_sentence_embedding_logreg,sentence-transformers/paraphrase-multilingual-MiniLM-L12-v2,e8f8c211226b894fcb81acc59f3b34ba3efd5f42,balanced,1.0,0.4,0.5066723572840252,0.010686414240543741,0.5916852367688022,0.024357928733602114,0.5544589988048674,0.005840270472198033,0.5070330262535662,0.5916836514112779,0.5544554455445545,0.2444113263785395,0.6833333333333333,0.3600439077936334,"{""Average"": {""f1-score"": 0.5642857142857143, ""precision"": 0.6073030108904548, ""recall"": 0.5269594219010562, ""support"": 1799.0}, ""Negative"": {""f1-score"": 0.3600439077936334, ""precision"": 0.2444113263785395, ""recall"": 0.6833333333333333, ""support"": 240.0}, ""Positive"": {""f1-score"": 0.596769456681351, ""precision"": 0.6326276463262764, ""recall"": 0.5647581989994441, ""support"": 1799.0}}","[[1016, 566, 217], [561, 948, 290], [29, 47, 164]]",0.8713231799192727,3450,0.505650812940469,0.548695652173913,0.6896551724137931,388,0.46043661347517734,0.6056701030927835,0.5,False,.cache/embeddings/multilingual_minilm-85541c62801a5963.npz,4d29b0f57f5529de486ad2d586ff8f043370dba1b0852caad8b5179e2bc2009c,223.1857763179578,384.0,128.0
multilingual_minilm__c1.0__negative_7__threshold_argmax,frozen_sentence_embedding_logreg,sentence-transformers/paraphrase-multilingual-MiniLM-L12-v2,e8f8c211226b894fcb81acc59f3b34ba3efd5f42,negative_7,1.0,argmax,0.5049337729308881,0.007726870489142183,0.5872407923243578,0.019880581917232458,0.5549798321382008,0.008205087496827272,0.5053194101152523,0.5872398245939102,0.5549765502866076,0.23845007451564829,0.6666666666666666,0.3512623490669594,"{""Average"": {""f1-score"": 0.5669338082517067, ""precision"": 0.60828025477707, ""recall"": 0.5308504724847137, ""support"": 1799.0}, ""Negative"": {""f1-score"": 0.3512623490669594, ""precision"": 0.23845007451564829, ""recall"": 0.6666666666666666, ""support"": 240.0}, ""Positive"": {""f1-score"": 0.5977620730270907, ""precision"": 0.6355666875391359, ""recall"": 0.5642023346303502, ""support"": 1799.0}}","[[1015, 562, 222], [555, 955, 289], [27, 53, 160]]",1.5200679181143641,3450,0.5032918243424249,0.5484057971014493,0.6724137931034483,388,0.466072186836518,0.6134020618556701,0.5,False,.cache/embeddings/multilingual_minilm-85541c62801a5963.npz,4d29b0f57f5529de486ad2d586ff8f043370dba1b0852caad8b5179e2bc2009c,223.1857763179578,384.0,128.0
multilingual_minilm__c1.0__negative_7__threshold_0.25,frozen_sentence_embedding_logreg,sentence-transformers/paraphrase-multilingual-MiniLM-L12-v2,e8f8c211226b894fcb81acc59f3b34ba3efd5f42,negative_7,1.0,0.25,0.4615510824350692,0.006371006746272198,0.5878636645001547,0.013284312006716788,0.5033905095610605,0.008458977808562446,0.4616686509941381,0.5878643999752949,0.5033871808233454,0.18070009460737937,0.7958333333333333,0.2945258288357749,"{""Average"": {""f1-score"": 0.5153649167733675, ""precision"": 0.6075471698113207, ""recall"": 0.4474708171206226, ""support"": 1799.0}, ""Negative"": {""f1-score"": 0.2945258288357749, ""precision"": 0.18070009460737937, ""recall"": 0.7958333333333333, ""support"": 240.0}, ""Positive"": {""f1-score"": 0.5751152073732719, ""precision"": 0.6428571428571429, ""recall"": 0.5202890494719289, ""support"": 1799.0}}","[[936, 491, 372], [500, 805, 494], [20, 29, 191]]",1.5200679181143641,3450,0.45907024245995415,0.4973913043478261,0.7974137931034483,388,0.44175067112829125,0.5567010309278351,0.75,False,.cache/embeddings/multilingual_minilm-85541c62801a5963.npz,4d29b0f57f5529de486ad2d586ff8f043370dba1b0852caad8b5179e2bc2009c,223.1857763179578,384.0,128.0
multilingual_minilm__c1.0__negative_7__threshold_0.3,frozen_sentence_embedding_logreg,sentence-transformers/paraphrase-multilingual-MiniLM-L12-v2,e8f8c211226b894fcb81acc59f3b34ba3efd5f42,negative_7,1.0,0.3,0.4790652884364789,0.0059611534641629965,0.5887999071494893,0.018334026910936378,0.5250159577357671,0.008692381338738805,0.479393629267207,0.5888001049966031,0.5250130276185513,0.20112359550561798,0.7458333333333333,0.3168141592920354,"{""Average"": {""f1-score"": 0.5380333951762524, ""precision"": 0.6062717770034843, ""recall"": 0.48360200111172874, ""support"": 1799.0}, ""Negative"": {""f1-score"": 0.3168141592920354, ""precision"": 0.20112359550561798, ""recall"": 0.7458333333333333, ""support"": 240.0}, ""Positive"": {""f1-score"": 0.5833333333333334, ""precision"": 0.6384666226040978, ""recall"": 0.5369649805447471, ""support"": 1799.0}}","[[966, 527, 306], [524, 870, 405], [23, 38, 179]]",1.5200679181143641,3450,0.47638043362448657,0.5182608695652174,0.7456896551724138,388,0.4596530426127539,0.5850515463917526,0.75,False,.cache/embeddings/multilingual_minilm-85541c62801a5963.npz,4d29b0f57f5529de486ad2d586ff8f043370dba1b0852caad8b5179e2bc2009c,223.1857763179578,384.0,128.0
multilingual_minilm__c1.0__negative_7__threshold_0.35,frozen_sentence_embedding_logreg,sentence-transformers/paraphrase-multilingual-MiniLM-L12-v2,e8f8c211226b894fcb81acc59f3b34ba3efd5f42,negative_7,1.0,0.35,0.4978075928806266,0.00855940481620348,0.5917726709996904,0.020631102569811936,0.5461215911560192,0.010908203619146536,0.49823231170902416,0.5917724353035637,0.546117769671704,0.22654155495978553,0.7041666666666667,0.34279918864097364,"{""Average"": {""f1-score"": 0.5586019885507683, ""precision"": 0.6098684210526316, ""recall"": 0.5152862701500833, ""support"": 1799.0}, ""Negative"": {""f1-score"": 0.34279918864097364, ""precision"": 0.22654155495978553, ""recall"": 0.7041666666666667, ""support"": 240.0}, ""Positive"": {""f1-score"": 0.5932957579353307, ""precision"": 0.6361323155216285, ""recall"": 0.5558643690939411, ""support"": 1799.0}}","[[1000, 547, 252], [547, 927, 325], [25, 46, 169]]",1.5200679181143641,3450,0.49701668616357475,0.5402898550724637,0.7112068965517241,388,0.45306766878502197,0.5979381443298969,0.5,False,.cache/embeddings/multilingual_minilm-85541c62801a5963.npz,4d29b0f57f5529de486ad2d586ff8f043370dba1b0852caad8b5179e2bc2009c,223.1857763179578,384.0,128.0
multilingual_minilm__c1.0__negative_7__threshold_0.4,frozen_sentence_embedding_logreg,sentence-transformers/paraphrase-multilingual-MiniLM-L12-v2,e8f8c211226b894fcb81acc59f3b34ba3efd5f42,negative_7,1.0,0.4,0.509532427196223,0.011574889982967315,0.5877968637160838,0.026763230358943235,0.559148535962625,0.00837923633445946,0.5100895843184952,0.5877972330306961,0.5591453882230328,0.24881889763779527,0.6583333333333333,0.36114285714285715,"{""Average"": {""f1-score"": 0.5690672963400236, ""precision"": 0.6066708621774701, ""recall"": 0.5358532518065592, ""support"": 1799.0}, ""Negative"": {""f1-score"": 0.36114285714285715, ""precision"": 0.24881889763779527, ""recall"": 0.6583333333333333, ""support"": 240.0}, ""Positive"": {""f1-score"": 0.6000585994726048, ""precision"": 0.6344485749690211, ""recall"": 0.5692051139521956, ""support"": 1799.0}}","[[1024, 571, 204], [562, 964, 273], [28, 54, 158]]",1.5200679181143641,3450,0.5083786479915623,0.5530434782608695,0.6637931034482759,388,0.4675951586144511,0.6134020618556701,0.5,False,.cache/embeddings/multilingual_minilm-85541c62801a5963.npz,4d29b0f57f5529de486ad2d586ff8f043370dba1b0852caad8b5179e2bc2009c,223.1857763179578,384.0,128.0
dutch_robbert__c0.25__balanced__threshold_argmax,frozen_sentence_embedding_logreg,NetherlandsForensicInstitute/robbert-2022-dutch-sentence-transformers,49e0e19472a527708e62747ffd12091e23bc1980,balanced,0.25,argmax,0.49655081480377755,0.01654076694809388,0.5861173011451563,0.020796815744446803,0.5466325782268578,0.01943149889723843,0.4969588610766517,0.5861250077203385,0.5466388744137571,0.22312925170068026,0.6833333333333333,0.3364102564102564,"{""Average"": {""f1-score"": 0.5766617429837518, ""precision"": 0.6153846153846154, ""recall"": 0.5425236242356865, ""support"": 1799.0}, ""Negative"": {""f1-score"": 0.3364102564102564, ""precision"": 0.22312925170068026, ""recall"": 0.6833333333333333, ""support"": 240.0}, ""Positive"": {""f1-score"": 0.5778045838359469, ""precision"": 0.6315095583388266, ""recall"": 0.5325180655919955, ""support"": 1799.0}}","[[958, 561, 280], [532, 976, 291], [27, 49, 164]]",0.8348856780212373,3450,0.4923858522866131,0.5373913043478261,0.7025862068965517,388,0.38816133650355084,0.6288659793814433,0.125,False,.cache/embeddings/dutch_robbert-6649d79c424920b3.npz,e8924849dbd827352003a6c4a941d5732326f5cb3390a7214096faa2ecebb8a3,680.1350415858906,768.0,128.0
dutch_robbert__c0.25__balanced__threshold_0.25,frozen_sentence_embedding_logreg,NetherlandsForensicInstitute/robbert-2022-dutch-sentence-transformers,49e0e19472a527708e62747ffd12091e23bc1980,balanced,0.25,0.25,0.4175057032097258,0.019096494854863304,0.5733851748684617,0.02678832502119425,0.44579972023033465,0.021084732815346206,0.4178099279829417,0.5733949416342413,0.4458051068264721,0.14499659632402995,0.8875,0.24926857811585723,"{""Average"": {""f1-score"": 0.4850721234485072, ""precision"": 0.6116751269035533, ""recall"": 0.4018899388549194, ""support"": 1799.0}, ""Negative"": {""f1-score"": 0.24926857811585723, ""precision"": 0.14499659632402995, ""recall"": 0.8875, ""support"": 240.0}, ""Positive"": {""f1-score"": 0.5190890823844608, ""precision"": 0.6529064869418703, ""recall"": 0.43079488604780436, ""support"": 1799.0}}","[[775, 440, 584], [404, 723, 672], [8, 19, 213]]",0.8348856780212373,3450,0.40838910098767817,0.4327536231884058,0.9008620689655172,388,0.38007976615000594,0.5618556701030928,0.5,False,.cache/embeddings/dutch_robbert-6649d79c424920b3.npz,e8924849dbd827352003a6c4a941d5732326f5cb3390a7214096faa2ecebb8a3,680.1350415858906,768.0,128.0
dutch_robbert__c0.25__balanced__threshold_0.3,frozen_sentence_embedding_logreg,NetherlandsForensicInstitute/robbert-2022-dutch-sentence-transformers,49e0e19472a527708e62747ffd12091e23bc1980,balanced,0.25,0.3,0.4557431911134426,0.019154825052344494,0.5850729908181163,0.025122034087759558,0.49608424326379835,0.021107239699410325,0.4560176480343039,0.5850835340621333,0.49609171443460137,0.17450271247739602,0.8041666666666667,0.2867756315007429,"{""Average"": {""f1-score"": 0.528503937007874, ""precision"": 0.6097383720930233, ""recall"": 0.4663702056698166, ""support"": 1799.0}, ""Negative"": {""f1-score"": 0.2867756315007429, ""precision"": 0.17450271247739602, ""recall"": 0.8041666666666667, ""support"": 240.0}, ""Positive"": {""f1-score"": 0.5527733755942947, ""precision"": 0.6430678466076696, ""recall"": 0.4847137298499166, ""support"": 1799.0}}","[[872, 506, 421], [468, 839, 492], [16, 31, 193]]",0.8348856780212373,3450,0.4494186636893745,0.4855072463768116,0.8189655172413793,388,0.39159239453357103,0.5902061855670103,0.375,False,.cache/embeddings/dutch_robbert-6649d79c424920b3.npz,e8924849dbd827352003a6c4a941d5732326f5cb3390a7214096faa2ecebb8a3,680.1350415858906,768.0,128.0
dutch_robbert__c0.25__balanced__threshold_0.35,frozen_sentence_embedding_logreg,NetherlandsForensicInstitute/robbert-2022-dutch-sentence-transformers,49e0e19472a527708e62747ffd12091e23bc1980,balanced,0.25,0.35,0.4863390799593648,0.019439101356395733,0.5846311771381408,0.024299127820403,0.5343875624728379,0.021301655260605405,0.4865120574865193,0.5846380705330122,0.5343929129755081,0.21013597033374537,0.7083333333333334,0.32411820781696854,"{""Average"": {""f1-score"": 0.5636418089248278, ""precision"": 0.611038961038961, ""recall"": 0.5230683713173986, ""support"": 1799.0}, ""Negative"": {""f1-score"": 0.32411820781696854, ""precision"": 0.21013597033374537, ""recall"": 0.7083333333333334, ""support"": 240.0}, ""Positive"": {""f1-score"": 0.5717761557177615, ""precision"": 0.6312961719274681, ""recall"": 0.5225125069483046, ""support"": 1799.0}}","[[940, 553, 306], [525, 941, 333], [24, 46, 170]]",0.8348856780212373,3450,0.4822906751165948,0.5255072463768116,0.728448275862069,388,0.37799340109675034,0.6134020618556701,0.125,False,.cache/embeddings/dutch_robbert-6649d79c424920b3.npz,e8924849dbd827352003a6c4a941d5732326f5cb3390a7214096faa2ecebb8a3,680.1350415858906,768.0,128.0
dutch_robbert__c0.25__balanced__threshold_0.4,frozen_sentence_embedding_logreg,NetherlandsForensicInstitute/robbert-2022-dutch-sentence-transformers,49e0e19472a527708e62747ffd12091e23bc1980,balanced,0.25,0.4,0.5106244239926496,0.015137272241720392,0.5826060043330239,0.020723985436481168,0.5620049706649283,0.019872162431364526,0.5111829586393679,0.5826137977888951,0.5620114643043251,0.2508250825082508,0.6333333333333333,0.35933806146572106,"{""Average"": {""f1-score"": 0.5881670533642691, ""precision"": 0.6149181322013342, ""recall"": 0.5636464702612562, ""support"": 1799.0}, ""Negative"": {""f1-score"": 0.35933806146572106, ""precision"": 0.2508250825082508, ""recall"": 0.6333333333333333, ""support"": 240.0}, ""Positive"": {""f1-score"": 0.5860437610881135, ""precision"": 0.626026531901453, ""recall"": 0.5508615897720957, ""support"": 1799.0}}","[[991, 580, 228], [559, 1014, 226], [33, 55, 152]]",0.8348856780212373,3450,0.5078290386159573,0.5542028985507247,0.6508620689655172,388,0.3908480097729818,0.6314432989690721,0.125,False,.cache/embeddings/dutch_robbert-6649d79c424920b3.npz,e8924849dbd827352003a6c4a941d5732326f5cb3390a7214096faa2ecebb8a3,680.1350415858906,768.0,128.0
dutch_robbert__c0.25__negative_7__threshold_argmax,frozen_sentence_embedding_logreg,NetherlandsForensicInstitute/robbert-2022-dutch-sentence-transformers,49e0e19472a527708e62747ffd12091e23bc1980,negative_7,0.25,argmax,0.5045662818575926,0.013928446659021326,0.5816769833900752,0.01620842888076789,0.5573171311386353,0.017865176593866043,0.5050788645851996,0.5816858131060466,0.5573215216258468,0.23547400611620795,0.6416666666666667,0.34451901565995524,"{""Average"": {""f1-score"": 0.5863874345549738, ""precision"": 0.6150091519219036, ""recall"": 0.5603112840466926, ""support"": 1799.0}, ""Negative"": {""f1-score"": 0.34451901565995524, ""precision"": 0.23547400611620795, ""recall"": 0.6416666666666667, ""support"": 240.0}, ""Positive"": {""f1-score"": 0.5843301435406698, ""precision"": 0.6323624595469256, ""recall"": 0.5430794886047804, ""support"": 1799.0}}","[[977, 577, 245], [536, 1008, 255], [32, 54, 154]]",0.8133369819261134,3450,0.501927561003123,0.5495652173913044,0.6594827586206896,388,0.3847517730496454,0.6262886597938144,0.125,False,.cache/embeddings/dutch_robbert-6649d79c424920b3.npz,e8924849dbd827352003a6c4a941d5732326f5cb3390a7214096faa2ecebb8a3,680.1350415858906,768.0,128.0
dutch_robbert__c0.25__negative_7__threshold_0.25,frozen_sentence_embedding_logreg,NetherlandsForensicInstitute/robbert-2022-dutch-sentence-transformers,49e0e19472a527708e62747ffd12091e23bc1980,negative_7,0.25,0.25,0.4369385525743047,0.01621480786178319,0.5839489838027443,0.022573844810824573,0.470814659387223,0.017609017937728597,0.4373039568819337,0.5839609968501019,0.47081813444502346,0.15729483282674772,0.8625,0.2660668380462725,"{""Average"": {""f1-score"": 0.5099316183653533, ""precision"": 0.6155660377358491, ""recall"": 0.4352418010005559, ""support"": 1799.0}, ""Negative"": {""f1-score"": 0.2660668380462725, ""precision"": 0.15729483282674772, ""recall"": 0.8625, ""support"": 240.0}, ""Positive"": {""f1-score"": 0.5359134142341752, ""precision"": 0.6536, ""recall"": 0.45414118954974986, ""support"": 1799.0}}","[[817, 467, 515], [422, 783, 594], [11, 22, 207]]",0.8133369819261134,3450,0.4297179094447845,0.4591304347826087,0.8793103448275862,388,0.3780441588838987,0.5747422680412371,0.375,False,.cache/embeddings/dutch_robbert-6649d79c424920b3.npz,e8924849dbd827352003a6c4a941d5732326f5cb3390a7214096faa2ecebb8a3,680.1350415858906,768.0,128.0
dutch_robbert__c0.25__negative_7__threshold_0.3,frozen_sentence_embedding_logreg,NetherlandsForensicInstitute/robbert-2022-dutch-sentence-transformers,49e0e19472a527708e62747ffd12091e23bc1980,negative_7,0.25,0.3,0.4719857580959677,0.016917090653434733,0.5917499742081914,0.02245147007479694,0.5156280557366362,0.01848963799650559,0.47234280295214,0.5917585386943364,0.5156331422615946,0.19101123595505617,0.7791666666666667,0.30680885972108285,"{""Average"": {""f1-score"": 0.5452865064695009, ""precision"": 0.6116102280580511, ""recall"": 0.4919399666481378, ""support"": 1799.0}, ""Negative"": {""f1-score"": 0.30680885972108285, ""precision"": 0.19101123595505617, ""recall"": 0.7791666666666667, ""support"": 240.0}, ""Positive"": {""f1-score"": 0.5649330426658362, ""precision"": 0.6423512747875354, ""recall"": 0.5041689827682045, ""support"": 1799.0}}","[[907, 529, 363], [485, 885, 429], [20, 33, 187]]",0.8133369819261134,3450,0.4672801713277903,0.5066666666666667,0.7931034482758621,388,0.39522174132297255,0.595360824742268,0.375,False,.cache/embeddings/dutch_robbert-6649d79c424920b3.npz,e8924849dbd827352003a6c4a941d5732326f5cb3390a7214096faa2ecebb8a3,680.1350415858906,768.0,128.0
dutch_robbert__c0.25__negative_7__threshold_0.35,frozen_sentence_embedding_logreg,NetherlandsForensicInstitute/robbert-2022-dutch-sentence-transformers,49e0e19472a527708e62747ffd12091e23bc1980,negative_7,0.25,0.35,0.4969699165432374,0.015495446810260643,0.589358041885897,0.02196248664789793,0.546114121577575,0.017107913589016522,0.4973213186216954,0.5893652337718485,0.546117769671704,0.22356091030789826,0.6958333333333333,0.3383991894630192,"{""Average"": {""f1-score"": 0.5752369668246445, ""precision"": 0.61572606214331, ""recall"": 0.5397443023902168, ""support"": 1799.0}, ""Negative"": {""f1-score"": 0.3383991894630192, ""precision"": 0.22356091030789826, ""recall"": 0.6958333333333333, ""support"": 240.0}, ""Positive"": {""f1-score"": 0.5783277995774223, ""precision"": 0.6327608982826949, ""recall"": 0.5325180655919955, ""support"": 1799.0}}","[[958, 561, 280], [528, 971, 300], [28, 45, 167]]",0.8133369819261134,3450,0.4948851535530716,0.5391304347826087,0.7155172413793104,388,0.3732504137150068,0.6082474226804123,0.125,False,.cache/embeddings/dutch_robbert-6649d79c424920b3.npz,e8924849dbd827352003a6c4a941d5732326f5cb3390a7214096faa2ecebb8a3,680.1350415858906,768.0,128.0
dutch_robbert__c0.25__negative_7__threshold_0.4,frozen_sentence_embedding_logreg,NetherlandsForensicInstitute/robbert-2022-dutch-sentence-transformers,49e0e19472a527708e62747ffd12091e23bc1980,negative_7,0.25,0.4,0.5165353446896707,0.014056682153704354,0.5822392448158465,0.014656120803331875,0.5682597240330292,0.018572120325409013,0.5169749452260994,0.5822463096782163,0.568264721208963,0.26148409893992935,0.6166666666666667,0.36724565756823824,"{""Average"": {""f1-score"": 0.5925287356321839, ""precision"": 0.6133254015466983, ""recall"": 0.5730961645358532, ""support"": 1799.0}, ""Negative"": {""f1-score"": 0.36724565756823824, ""precision"": 0.26148409893992935, ""recall"": 0.6166666666666667, ""support"": 240.0}, ""Positive"": {""f1-score"": 0.5911504424778761, ""precision"": 0.6297925832809553, ""recall"": 0.556976097832129, ""support"": 1799.0}}","[[1002, 592, 205], [555, 1031, 213], [34, 58, 148]]",0.8133369819261134,3450,0.5144200331638523,0.5614492753623188,0.6336206896551724,388,0.3884495297922859,0.6288659793814433,0.125,False,.cache/embeddings/dutch_robbert-6649d79c424920b3.npz,e8924849dbd827352003a6c4a941d5732326f5cb3390a7214096faa2ecebb8a3,680.1350415858906,768.0,128.0
dutch_robbert__c0.5__balanced__threshold_argmax,frozen_sentence_embedding_logreg,NetherlandsForensicInstitute/robbert-2022-dutch-sentence-transformers,49e0e19472a527708e62747ffd12091e23bc1980,balanced,0.5,argmax,0.5033429740685148,0.013643637141605495,0.5856574331992159,0.018743810199745026,0.5544505106475446,0.01697449756002131,0.5038901807601563,0.5856656475819899,0.5544554455445545,0.2341678939617084,0.6625,0.34602829162132753,"{""Average"": {""f1-score"": 0.5808154884130243, ""precision"": 0.6149068322981367, ""recall"": 0.5503057254030017, ""support"": 1799.0}, ""Negative"": {""f1-score"": 0.34602829162132753, ""precision"": 0.2341678939617084, ""recall"": 0.6625, ""support"": 240.0}, ""Positive"": {""f1-score"": 0.5848267622461171, ""precision"": 0.632020658489348, ""recall"": 0.5441912173429683, ""support"": 1799.0}}","[[979, 570, 250], [539, 990, 270], [31, 50, 159]]",0.6229355959221721,3450,0.5003902015100933,0.5463768115942029,0.6810344827586207,388,0.3879217273954116,0.6262886597938144,0.125,False,.cache/embeddings/dutch_robbert-6649d79c424920b3.npz,e8924849dbd827352003a6c4a941d5732326f5cb3390a7214096faa2ecebb8a3,680.1350415858906,768.0,128.0
dutch_robbert__c0.5__balanced__threshold_0.25,frozen_sentence_embedding_logreg,NetherlandsForensicInstitute/robbert-2022-dutch-sentence-transformers,49e0e19472a527708e62747ffd12091e23bc1980,balanced,0.5,0.25,0.441960376854681,0.01466110496213481,0.58617533271433,0.02059318109894728,0.4773291503694046,0.015947651597291373,0.44229656128137834,0.5861859983941696,0.4773319437206879,0.16141732283464566,0.8541666666666666,0.271523178807947,"{""Average"": {""f1-score"": 0.5107351984385166, ""precision"": 0.615686274509804, ""recall"": 0.43635352973874375, ""support"": 1799.0}, ""Negative"": {""f1-score"": 0.271523178807947, ""precision"": 0.16141732283464566, ""recall"": 0.8541666666666666, ""support"": 240.0}, ""Positive"": {""f1-score"": 0.5446313065976714, ""precision"": 0.6511987625676721, ""recall"": 0.4680377987770984, ""support"": 1799.0}}","[[842, 468, 489], [438, 785, 576], [13, 22, 205]]",0.6229355959221721,3450,0.4356364756596236,0.46695652173913044,0.8706896551724138,388,0.37951504368717753,0.5695876288659794,0.375,False,.cache/embeddings/dutch_robbert-6649d79c424920b3.npz,e8924849dbd827352003a6c4a941d5732326f5cb3390a7214096faa2ecebb8a3,680.1350415858906,768.0,128.0
dutch_robbert__c0.5__balanced__threshold_0.3,frozen_sentence_embedding_logreg,NetherlandsForensicInstitute/robbert-2022-dutch-sentence-transformers,49e0e19472a527708e62747ffd12091e23bc1980,balanced,0.5,0.3,0.4703596471954811,0.018135440994884105,0.5935056226142577,0.025317790323268103,0.5130204938070404,0.019560822320479437,0.47069919849295666,0.593516459761596,0.5130276185513288,0.18981018981018982,0.7916666666666666,0.30620467365028203,"{""Average"": {""f1-score"": 0.5389147286821705, ""precision"": 0.6093969144460029, ""recall"": 0.4830461367426348, ""support"": 1799.0}, ""Negative"": {""f1-score"": 0.30620467365028203, ""precision"": 0.18981018981018982, ""recall"": 0.7916666666666666, ""support"": 240.0}, ""Positive"": {""f1-score"": 0.5669781931464174, ""precision"": 0.6449326718639263, ""recall"": 0.5058365758754864, ""support"": 1799.0}}","[[910, 525, 364], [483, 869, 447], [18, 32, 190]]",0.6229355959221721,3450,0.4662575371814805,0.504927536231884,0.8060344827586207,388,0.3897277766325386,0.5850515463917526,0.375,False,.cache/embeddings/dutch_robbert-6649d79c424920b3.npz,e8924849dbd827352003a6c4a941d5732326f5cb3390a7214096faa2ecebb8a3,680.1350415858906,768.0,128.0
dutch_robbert__c0.5__balanced__threshold_0.35,frozen_sentence_embedding_logreg,NetherlandsForensicInstitute/robbert-2022-dutch-sentence-transformers,49e0e19472a527708e62747ffd12091e23bc1980,balanced,0.5,0.35,0.4908870334470907,0.01389595893659391,0.5850972351181264,0.021019879552303673,0.5401214825076053,0.015775431321099185,0.49123336090462927,0.5851036069421283,0.5401250651380928,0.21548387096774194,0.6958333333333333,0.32906403940886697,"{""Average"": {""f1-score"": 0.5663082437275986, ""precision"": 0.6120077469335055, ""recall"": 0.5269594219010562, ""support"": 1799.0}, ""Negative"": {""f1-score"": 0.32906403940886697, ""precision"": 0.21548387096774194, ""recall"": 0.6958333333333333, ""support"": 240.0}, ""Positive"": {""f1-score"": 0.5783277995774223, ""precision"": 0.6327608982826949, ""recall"": 0.5325180655919955, ""support"": 1799.0}}","[[958, 557, 284], [527, 948, 324], [29, 44, 167]]",0.6229355959221721,3450,0.4886462560416584,0.5330434782608696,0.7155172413793104,388,0.37452251317950047,0.6030927835051546,0.125,False,.cache/embeddings/dutch_robbert-6649d79c424920b3.npz,e8924849dbd827352003a6c4a941d5732326f5cb3390a7214096faa2ecebb8a3,680.1350415858906,768.0,128.0
dutch_robbert__c0.5__balanced__threshold_0.4,frozen_sentence_embedding_logreg,NetherlandsForensicInstitute/robbert-2022-dutch-sentence-transformers,49e0e19472a527708e62747ffd12091e23bc1980,balanced,0.5,0.4,0.5130282664353769,0.014853342267069233,0.5871440730424018,0.02048365335406787,0.5633087516297263,0.017679050465143866,0.5136049248387923,0.5871510407016244,0.563314226159458,0.2540983606557377,0.6458333333333334,0.36470588235294116,"{""Average"": {""f1-score"": 0.5871772555845662, ""precision"": 0.6140776699029126, ""recall"": 0.5625347415230684, ""support"": 1799.0}, ""Negative"": {""f1-score"": 0.36470588235294116, ""precision"": 0.2540983606557377, ""recall"": 0.6458333333333334, ""support"": 240.0}, ""Positive"": {""f1-score"": 0.5889316365788695, ""precision"": 0.629746835443038, ""recall"": 0.5530850472484714, ""support"": 1799.0}}","[[995, 583, 221], [553, 1012, 234], [32, 53, 155]]",0.6229355959221721,3450,0.5107051460006397,0.5559420289855073,0.6637931034482759,388,0.3902133437858723,0.6288659793814433,0.125,False,.cache/embeddings/dutch_robbert-6649d79c424920b3.npz,e8924849dbd827352003a6c4a941d5732326f5cb3390a7214096faa2ecebb8a3,680.1350415858906,768.0,128.0
dutch_robbert__c0.5__negative_7__threshold_argmax,frozen_sentence_embedding_logreg,NetherlandsForensicInstitute/robbert-2022-dutch-sentence-transformers,49e0e19472a527708e62747ffd12091e23bc1980,negative_7,0.5,argmax,0.5085117010988198,0.015247029475192264,0.581862684411431,0.019112221851121276,0.5609643225771404,0.019034393798399687,0.5090317777431563,0.5818726452967699,0.5609692548202189,0.24398073836276082,0.6333333333333333,0.3522595596755504,"{""Average"": {""f1-score"": 0.5862169235242803, ""precision"": 0.6146341463414634, ""recall"": 0.5603112840466926, ""support"": 1799.0}, ""Negative"": {""f1-score"": 0.3522595596755504, ""precision"": 0.24398073836276082, ""recall"": 0.6333333333333333, ""support"": 240.0}, ""Positive"": {""f1-score"": 0.5886188500296384, ""precision"": 0.6304761904761905, ""recall"": 0.5519733185102835, ""support"": 1799.0}}","[[993, 579, 227], [547, 1008, 244], [35, 53, 152]]",0.9289611149579287,3450,0.5060318245986855,0.553623188405797,0.6508620689655172,388,0.38952091311857023,0.6262886597938144,0.125,False,.cache/embeddings/dutch_robbert-6649d79c424920b3.npz,e8924849dbd827352003a6c4a941d5732326f5cb3390a7214096faa2ecebb8a3,680.1350415858906,768.0,128.0
dutch_robbert__c0.5__negative_7__threshold_0.25,frozen_sentence_embedding_logreg,NetherlandsForensicInstitute/robbert-2022-dutch-sentence-transformers,49e0e19472a527708e62747ffd12091e23bc1980,negative_7,0.5,0.25,0.4524470037883891,0.01706212560775713,0.5875709274734344,0.022797046304712517,0.49113734517601043,0.018547771767620423,0.45271403440685615,0.5875810635538262,0.4911412193850964,0.17113223854796888,0.825,0.28346456692913385,"{""Average"": {""f1-score"": 0.5207138304652645, ""precision"": 0.6101568334578044, ""recall"": 0.45414118954974986, ""support"": 1799.0}, ""Negative"": {""f1-score"": 0.28346456692913385, ""precision"": 0.17113223854796888, ""recall"": 0.825, ""support"": 240.0}, ""Positive"": {""f1-score"": 0.55396370582617, ""precision"": 0.6482861400894188, ""recall"": 0.48360200111172874, ""support"": 1799.0}}","[[870, 495, 434], [457, 817, 525], [15, 27, 198]]",0.9289611149579287,3450,0.44780018467007626,0.4826086956521739,0.8405172413793104,388,0.3782347381634694,0.5670103092783505,0.375,False,.cache/embeddings/dutch_robbert-6649d79c424920b3.npz,e8924849dbd827352003a6c4a941d5732326f5cb3390a7214096faa2ecebb8a3,680.1350415858906,768.0,128.0
dutch_robbert__c0.5__negative_7__threshold_0.3,frozen_sentence_embedding_logreg,NetherlandsForensicInstitute/robbert-2022-dutch-sentence-transformers,49e0e19472a527708e62747ffd12091e23bc1980,negative_7,0.5,0.3,0.48128483804607036,0.01684181829434701,0.5933286908077995,0.023344694252833073,0.5263112505432421,0.018643021927116227,0.4815516843339389,0.5933373479093323,0.5263157894736842,0.203125,0.7583333333333333,0.3204225352112676,"{""Average"": {""f1-score"": 0.5521023765996343, ""precision"": 0.6109238031018206, ""recall"": 0.5036131183991106, ""support"": 1799.0}, ""Negative"": {""f1-score"": 0.3204225352112676, ""precision"": 0.203125, ""recall"": 0.7583333333333333, ""support"": 240.0}, ""Positive"": {""f1-score"": 0.5721301411909147, ""precision"": 0.6387936943111721, ""recall"": 0.5180655919955531, ""support"": 1799.0}}","[[932, 541, 326], [505, 906, 388], [22, 36, 182]]",0.9289611149579287,3450,0.47808397784417683,0.5191304347826087,0.771551724137931,388,0.3960718294051628,0.5902061855670103,0.375,False,.cache/embeddings/dutch_robbert-6649d79c424920b3.npz,e8924849dbd827352003a6c4a941d5732326f5cb3390a7214096faa2ecebb8a3,680.1350415858906,768.0,128.0
dutch_robbert__c0.5__negative_7__threshold_0.35,frozen_sentence_embedding_logreg,NetherlandsForensicInstitute/robbert-2022-dutch-sentence-transformers,49e0e19472a527708e62747ffd12091e23bc1980,negative_7,0.5,0.35,0.49510317296763595,0.013648875524698982,0.5817669968018157,0.021631489933165382,0.5455943068231204,0.016259663884824742,0.4954758036127089,0.5817730529306404,0.5455966649296509,0.22299168975069253,0.6708333333333333,0.33471933471933474,"{""Average"": {""f1-score"": 0.5693992305415804, ""precision"": 0.6088607594936709, ""recall"": 0.5347415230683713, ""support"": 1799.0}, ""Negative"": {""f1-score"": 0.33471933471933474, ""precision"": 0.22299168975069253, ""recall"": 0.6708333333333333, ""support"": 240.0}, ""Positive"": {""f1-score"": 0.5823088455772114, ""precision"": 0.6321614583333334, ""recall"": 0.5397443023902168, ""support"": 1799.0}}","[[971, 569, 259], [535, 962, 302], [30, 49, 161]]",0.9289611149579287,3450,0.49338807753276176,0.5391304347826087,0.6896551724137931,388,0.3745073236906267,0.6030927835051546,0.125,False,.cache/embeddings/dutch_robbert-6649d79c424920b3.npz,e8924849dbd827352003a6c4a941d5732326f5cb3390a7214096faa2ecebb8a3,680.1350415858906,768.0,128.0
dutch_robbert__c0.5__negative_7__threshold_0.4,frozen_sentence_embedding_logreg,NetherlandsForensicInstitute/robbert-2022-dutch-sentence-transformers,49e0e19472a527708e62747ffd12091e23bc1980,negative_7,0.5,0.4,0.5135107599544708,0.014015846517895707,0.577518054265965,0.019842453347693696,0.5666972240330291,0.017479981238825357,0.5140922663426358,0.5775237786424557,0.5667014069828036,0.2570921985815603,0.6041666666666666,0.36069651741293535,"{""Average"": {""f1-score"": 0.5918895599654875, ""precision"": 0.6132300357568534, ""recall"": 0.5719844357976653, ""support"": 1799.0}, ""Negative"": {""f1-score"": 0.36069651741293535, ""precision"": 0.2570921985815603, ""recall"": 0.6041666666666666, ""support"": 240.0}, ""Positive"": {""f1-score"": 0.5896907216494846, ""precision"": 0.6271929824561403, ""recall"": 0.556420233463035, ""support"": 1799.0}}","[[1001, 590, 208], [559, 1029, 211], [36, 59, 145]]",0.9289611149579287,3450,0.5118468492791741,0.56,0.6206896551724138,388,0.38952091311857023,0.6262886597938144,0.125,False,.cache/embeddings/dutch_robbert-6649d79c424920b3.npz,e8924849dbd827352003a6c4a941d5732326f5cb3390a7214096faa2ecebb8a3,680.1350415858906,768.0,128.0
dutch_robbert__c0.75__balanced__threshold_argmax,frozen_sentence_embedding_logreg,NetherlandsForensicInstitute/robbert-2022-dutch-sentence-transformers,49e0e19472a527708e62747ffd12091e23bc1980,balanced,0.75,argmax,0.5035652094492413,0.014995874231728162,0.581582327452801,0.018573789521654022,0.555492516840504,0.019575482166685074,0.5041321659292911,0.5815923970106849,0.5554976550286608,0.23628048780487804,0.6458333333333334,0.34598214285714285,"{""Average"": {""f1-score"": 0.5809468147282291, ""precision"": 0.6124460874922982, ""recall"": 0.5525291828793775, ""support"": 1799.0}, ""Negative"": {""f1-score"": 0.34598214285714285, ""precision"": 0.23628048780487804, ""recall"": 0.6458333333333334, ""support"": 240.0}, ""Positive"": {""f1-score"": 0.5854675402025015, ""precision"": 0.6305323925593329, ""recall"": 0.546414674819344, ""support"": 1799.0}}","[[983, 576, 240], [544, 994, 261], [32, 53, 155]]",0.7948407421354204,3450,0.5007562037815244,0.547536231884058,0.6637931034482759,388,0.3877810975095768,0.6262886597938144,0.125,False,.cache/embeddings/dutch_robbert-6649d79c424920b3.npz,e8924849dbd827352003a6c4a941d5732326f5cb3390a7214096faa2ecebb8a3,680.1350415858906,768.0,128.0
dutch_robbert__c0.75__balanced__threshold_0.25,frozen_sentence_embedding_logreg,NetherlandsForensicInstitute/robbert-2022-dutch-sentence-transformers,49e0e19472a527708e62747ffd12091e23bc1980,balanced,0.75,0.25,0.4505141325776484,0.01568962001814492,0.5911799752398639,0.018541830517393738,0.48775057040417213,0.01812629057195663,0.4508735373367063,0.591190321783707,0.4877540385617509,0.17015926236378875,0.8458333333333333,0.28332170272156315,"{""Average"": {""f1-score"": 0.517971758664955, ""precision"": 0.6127562642369021, ""recall"": 0.44858254585881047, ""support"": 1799.0}, ""Negative"": {""f1-score"": 0.28332170272156315, ""precision"": 0.17015926236378875, ""recall"": 0.8458333333333333, ""support"": 240.0}, ""Positive"": {""f1-score"": 0.5513271506236009, ""precision"": 0.6490963855421686, ""recall"": 0.47915508615897723, ""support"": 1799.0}}","[[862, 487, 450], [452, 807, 540], [14, 23, 203]]",0.7948407421354204,3450,0.4458371261564502,0.4791304347826087,0.8620689655172413,388,0.37684826993337633,0.5644329896907216,0.375,False,.cache/embeddings/dutch_robbert-6649d79c424920b3.npz,e8924849dbd827352003a6c4a941d5732326f5cb3390a7214096faa2ecebb8a3,680.1350415858906,768.0,128.0
dutch_robbert__c0.75__balanced__threshold_0.3,frozen_sentence_embedding_logreg,NetherlandsForensicInstitute/robbert-2022-dutch-sentence-transformers,49e0e19472a527708e62747ffd12091e23bc1980,balanced,0.75,0.3,0.4764769496631073,0.017521998654248944,0.5948976065201691,0.02246055656980579,0.5200568367014342,0.019635068032527233,0.4767870796261384,0.5949084367858687,0.5200625325690463,0.19767441860465115,0.7791666666666667,0.31534569983136596,"{""Average"": {""f1-score"": 0.546236559139785, ""precision"": 0.6105769230769231, ""recall"": 0.49416342412451364, ""support"": 1799.0}, ""Negative"": {""f1-score"": 0.31534569983136596, ""precision"": 0.19767441860465115, ""recall"": 0.7791666666666667, ""support"": 240.0}, ""Positive"": {""f1-score"": 0.5687789799072643, ""precision"": 0.6406685236768802, ""recall"": 0.5113952195664258, ""support"": 1799.0}}","[[920, 534, 345], [496, 889, 414], [20, 33, 187]]",0.7948407421354204,3450,0.47292577119416146,0.5124637681159421,0.7931034482758621,388,0.3914068070096439,0.5876288659793815,0.375,False,.cache/embeddings/dutch_robbert-6649d79c424920b3.npz,e8924849dbd827352003a6c4a941d5732326f5cb3390a7214096faa2ecebb8a3,680.1350415858906,768.0,128.0
dutch_robbert__c0.75__balanced__threshold_0.35,frozen_sentence_embedding_logreg,NetherlandsForensicInstitute/robbert-2022-dutch-sentence-transformers,49e0e19472a527708e62747ffd12091e23bc1980,balanced,0.75,0.35,0.49351960316504434,0.015364084306660671,0.5855601980810894,0.022031478322271068,0.54246693013907,0.018157258111187024,0.49390405115535246,0.5855675992835526,0.5424700364773319,0.22133333333333333,0.6916666666666667,0.33535353535353535,"{""Average"": {""f1-score"": 0.5665873959571938, ""precision"": 0.6089456869009585, ""recall"": 0.5297387437465259, ""support"": 1799.0}, ""Negative"": {""f1-score"": 0.33535353535353535, ""precision"": 0.22133333333333333, ""recall"": 0.6916666666666667, ""support"": 240.0}, ""Positive"": {""f1-score"": 0.5797712221553282, ""precision"": 0.6323046618516087, ""recall"": 0.5352973874374652, ""support"": 1799.0}}","[[963, 566, 270], [532, 953, 314], [28, 46, 166]]",0.7948407421354204,3450,0.4908747271657754,0.5353623188405797,0.7068965517241379,388,0.3934244464087396,0.6056701030927835,0.25,False,.cache/embeddings/dutch_robbert-6649d79c424920b3.npz,e8924849dbd827352003a6c4a941d5732326f5cb3390a7214096faa2ecebb8a3,680.1350415858906,768.0,128.0
dutch_robbert__c0.75__balanced__threshold_0.4,frozen_sentence_embedding_logreg,NetherlandsForensicInstitute/robbert-2022-dutch-sentence-transformers,49e0e19472a527708e62747ffd12091e23bc1980,balanced,0.75,0.4,0.5079967331917132,0.01684386235062542,0.5789038481378316,0.023335596093601946,0.5601827330508475,0.019020544269645952,0.5085609572415899,0.5789095793959608,0.5601875977071391,0.2471169686985173,0.625,0.3541912632821724,"{""Average"": {""f1-score"": 0.5849275362318841, ""precision"": 0.61114476075106, ""recall"": 0.5608671484157866, ""support"": 1799.0}, ""Negative"": {""f1-score"": 0.3541912632821724, ""precision"": 0.2471169686985173, ""recall"": 0.625, ""support"": 240.0}, ""Positive"": {""f1-score"": 0.5865640722107133, ""precision"": 0.6272151898734177, ""recall"": 0.5508615897720957, ""support"": 1799.0}}","[[991, 585, 223], [556, 1009, 234], [33, 57, 150]]",0.7948407421354204,3450,0.5065587611418696,0.553623188405797,0.6422413793103449,388,0.38355830396524593,0.6185567010309279,0.125,False,.cache/embeddings/dutch_robbert-6649d79c424920b3.npz,e8924849dbd827352003a6c4a941d5732326f5cb3390a7214096faa2ecebb8a3,680.1350415858906,768.0,128.0
dutch_robbert__c0.75__negative_7__threshold_argmax,frozen_sentence_embedding_logreg,NetherlandsForensicInstitute/robbert-2022-dutch-sentence-transformers,49e0e19472a527708e62747ffd12091e23bc1980,negative_7,0.75,argmax,0.5096793705116237,0.014755449938050967,0.5800149592489425,0.02050669995015896,0.5617469306823122,0.019466158892587737,0.5103203365254677,0.5800213081341486,0.5617509119332986,0.25,0.625,0.35714285714285715,"{""Average"": {""f1-score"": 0.5847851335656213, ""precision"": 0.6121580547112462, ""recall"": 0.5597554196775987, ""support"": 1799.0}, ""Negative"": {""f1-score"": 0.35714285714285715, ""precision"": 0.25, ""recall"": 0.625, ""support"": 240.0}, ""Positive"": {""f1-score"": 0.5890330188679245, ""precision"": 0.6271186440677966, ""recall"": 0.5553085047248472, ""support"": 1799.0}}","[[999, 583, 217], [559, 1007, 233], [35, 55, 150]]",1.1059664161875844,3450,0.5081802823623983,0.5553623188405797,0.6422413793103449,388,0.38225441219257034,0.6185567010309279,0.125,False,.cache/embeddings/dutch_robbert-6649d79c424920b3.npz,e8924849dbd827352003a6c4a941d5732326f5cb3390a7214096faa2ecebb8a3,680.1350415858906,768.0,128.0
dutch_robbert__c0.75__negative_7__threshold_0.25,frozen_sentence_embedding_logreg,NetherlandsForensicInstitute/robbert-2022-dutch-sentence-transformers,49e0e19472a527708e62747ffd12091e23bc1980,negative_7,0.75,0.25,0.4603196518267982,0.018286742322843125,0.5885951201898277,0.025219033720337427,0.5010389504563234,0.019980802915455207,0.46057030725208065,0.5886040083997283,0.5010422094841063,0.18105065666041276,0.8041666666666667,0.29555895865237364,"{""Average"": {""f1-score"": 0.5252525252525253, ""precision"": 0.6077428780131483, ""recall"": 0.462479155086159, ""support"": 1799.0}, ""Negative"": {""f1-score"": 0.29555895865237364, ""precision"": 0.18105065666041276, ""recall"": 0.8041666666666667, ""support"": 240.0}, ""Positive"": {""f1-score"": 0.5608994378513429, ""precision"": 0.6400570206699929, ""recall"": 0.4991662034463591, ""support"": 1799.0}}","[[898, 508, 393], [487, 832, 480], [18, 29, 193]]",1.1059664161875844,3450,0.45748756723375666,0.49478260869565216,0.8189655172413793,388,0.3708603672436685,0.5567010309278351,0.375,False,.cache/embeddings/dutch_robbert-6649d79c424920b3.npz,e8924849dbd827352003a6c4a941d5732326f5cb3390a7214096faa2ecebb8a3,680.1350415858906,768.0,128.0
dutch_robbert__c0.75__negative_7__threshold_0.3,frozen_sentence_embedding_logreg,NetherlandsForensicInstitute/robbert-2022-dutch-sentence-transformers,49e0e19472a527708e62747ffd12091e23bc1980,negative_7,0.75,0.3,0.48427731056887807,0.017211020847807113,0.5900900134117404,0.02319897390661226,0.5302202167535854,0.019621935456522042,0.48458567605553027,0.5900986659255142,0.5302240750390829,0.20921985815602837,0.7375,0.3259668508287293,"{""Average"": {""f1-score"": 0.5524560339599758, ""precision"": 0.6077384923282189, ""recall"": 0.5063924402445803, ""support"": 1799.0}, ""Negative"": {""f1-score"": 0.3259668508287293, ""precision"": 0.20921985815602837, ""recall"": 0.7375, ""support"": 240.0}, ""Positive"": {""f1-score"": 0.5753341433778858, ""precision"": 0.6342933690555927, ""recall"": 0.5264035575319622, ""support"": 1799.0}}","[[947, 550, 302], [521, 911, 367], [25, 38, 177]]",1.1059664161875844,3450,0.48212774004391273,0.5243478260869565,0.75,388,0.3874280912675328,0.5824742268041238,0.375,False,.cache/embeddings/dutch_robbert-6649d79c424920b3.npz,e8924849dbd827352003a6c4a941d5732326f5cb3390a7214096faa2ecebb8a3,680.1350415858906,768.0,128.0
dutch_robbert__c0.75__negative_7__threshold_0.35,frozen_sentence_embedding_logreg,NetherlandsForensicInstitute/robbert-2022-dutch-sentence-transformers,49e0e19472a527708e62747ffd12091e23bc1980,negative_7,0.75,0.35,0.4961420390369488,0.015684076943816683,0.5807510574641495,0.02496470947788853,0.5458537049109083,0.018593690467765572,0.49664087376317917,0.5807547402878143,0.5458572173006775,0.22922636103151864,0.6666666666666666,0.3411513859275053,"{""Average"": {""f1-score"": 0.5673758865248227, ""precision"": 0.6056782334384858, ""recall"": 0.5336297943301834, ""support"": 1799.0}, ""Negative"": {""f1-score"": 0.3411513859275053, ""precision"": 0.22922636103151864, ""recall"": 0.6666666666666666, ""support"": 240.0}, ""Positive"": {""f1-score"": 0.5813953488372093, ""precision"": 0.6270096463022508, ""recall"": 0.5419677598665925, ""support"": 1799.0}}","[[975, 576, 248], [549, 960, 290], [31, 49, 160]]",1.1059664161875844,3450,0.49426500075133895,0.5397101449275362,0.6810344827586207,388,0.3899094572669702,0.6005154639175257,0.25,False,.cache/embeddings/dutch_robbert-6649d79c424920b3.npz,e8924849dbd827352003a6c4a941d5732326f5cb3390a7214096faa2ecebb8a3,680.1350415858906,768.0,128.0
dutch_robbert__c0.75__negative_7__threshold_0.4,frozen_sentence_embedding_logreg,NetherlandsForensicInstitute/robbert-2022-dutch-sentence-transformers,49e0e19472a527708e62747ffd12091e23bc1980,negative_7,0.75,0.4,0.5097313752993171,0.018529356564479398,0.5723339007531207,0.024706548200429886,0.5627889368752717,0.019844419169111335,0.510197463455231,0.5723372552652709,0.5627931214174049,0.2549019607843137,0.5958333333333333,0.3570536828963795,"{""Average"": {""f1-score"": 0.586027713625866, ""precision"": 0.6096096096096096, ""recall"": 0.5642023346303502, ""support"": 1799.0}, ""Negative"": {""f1-score"": 0.3570536828963795, ""precision"": 0.2549019607843137, ""recall"": 0.5958333333333333, ""support"": 240.0}, ""Positive"": {""f1-score"": 0.5875109938434476, ""precision"": 0.6215880893300249, ""recall"": 0.556976097832129, ""support"": 1799.0}}","[[1002, 591, 206], [572, 1015, 212], [38, 59, 143]]",1.1059664161875844,3450,0.5090678443484964,0.5573913043478261,0.6120689655172413,388,0.37797359257716745,0.6108247422680413,0.125,False,.cache/embeddings/dutch_robbert-6649d79c424920b3.npz,e8924849dbd827352003a6c4a941d5732326f5cb3390a7214096faa2ecebb8a3,680.1350415858906,768.0,128.0
dutch_robbert__c1.0__balanced__threshold_argmax,frozen_sentence_embedding_logreg,NetherlandsForensicInstitute/robbert-2022-dutch-sentence-transformers,49e0e19472a527708e62747ffd12091e23bc1980,balanced,1.0,argmax,0.5033163139559862,0.016267823951341243,0.5773266790467347,0.022297280417087537,0.5562751249456758,0.02067238880321991,0.503950949981148,0.5773338583163486,0.5562793121417405,0.23742138364779874,0.6291666666666667,0.3447488584474886,"{""Average"": {""f1-score"": 0.5792861322410766, ""precision"": 0.6114885731933292, ""recall"": 0.5503057254030017, ""support"": 1799.0}, ""Negative"": {""f1-score"": 0.3447488584474886, ""precision"": 0.23742138364779874, ""recall"": 0.6291666666666667, ""support"": 240.0}, ""Positive"": {""f1-score"": 0.5878178592548787, ""precision"": 0.6279216677195198, ""recall"": 0.5525291828793775, ""support"": 1799.0}}","[[994, 574, 231], [555, 990, 254], [34, 55, 151]]",1.0827653289306909,3450,0.5015157754923569,0.5495652173913044,0.646551724137931,388,0.3821044412109704,0.615979381443299,0.125,False,.cache/embeddings/dutch_robbert-6649d79c424920b3.npz,e8924849dbd827352003a6c4a941d5732326f5cb3390a7214096faa2ecebb8a3,680.1350415858906,768.0,128.0
dutch_robbert__c1.0__balanced__threshold_0.25,frozen_sentence_embedding_logreg,NetherlandsForensicInstitute/robbert-2022-dutch-sentence-transformers,49e0e19472a527708e62747ffd12091e23bc1980,balanced,1.0,0.25,0.45676668659317327,0.01753930872367613,0.5900740224904572,0.022430282266843366,0.49634907377227294,0.019871782724305214,0.45708835470230097,0.5900832252485949,0.49635226680562794,0.17589285714285716,0.8208333333333333,0.2897058823529412,"{""Average"": {""f1-score"": 0.5240063593004769, ""precision"": 0.612184249628529, ""recall"": 0.45803224013340743, ""support"": 1799.0}, ""Negative"": {""f1-score"": 0.2897058823529412, ""precision"": 0.17589285714285716, ""recall"": 0.8208333333333333, ""support"": 240.0}, ""Positive"": {""f1-score"": 0.5575528224534847, ""precision"": 0.6443148688046647, ""recall"": 0.4913841022790439, ""support"": 1799.0}}","[[884, 494, 421], [473, 824, 502], [15, 28, 197]]",1.0827653289306909,3450,0.4534050532317952,0.48927536231884056,0.8362068965517241,388,0.37403991186382196,0.5592783505154639,0.375,False,.cache/embeddings/dutch_robbert-6649d79c424920b3.npz,e8924849dbd827352003a6c4a941d5732326f5cb3390a7214096faa2ecebb8a3,680.1350415858906,768.0,128.0
dutch_robbert__c1.0__balanced__threshold_0.3,frozen_sentence_embedding_logreg,NetherlandsForensicInstitute/robbert-2022-dutch-sentence-transformers,49e0e19472a527708e62747ffd12091e23bc1980,balanced,1.0,0.3,0.47925433964231373,0.015618143812150011,0.5908286908077994,0.019566732851739176,0.5244876548239896,0.018517305817563508,0.47954322253173354,0.5908367302822556,0.5244919228764982,0.2008879023307436,0.7541666666666667,0.3172655565293602,"{""Average"": {""f1-score"": 0.5492354740061162, ""precision"": 0.610469068660775, ""recall"": 0.4991662034463591, ""support"": 1799.0}, ""Negative"": {""f1-score"": 0.3172655565293602, ""precision"": 0.2008879023307436, ""recall"": 0.7541666666666667, ""support"": 240.0}, ""Positive"": {""f1-score"": 0.5721286370597244, ""precision"": 0.6371077762619373, ""recall"": 0.519177320733741, ""support"": 1799.0}}","[[934, 537, 328], [509, 898, 392], [23, 36, 181]]",1.0827653289306909,3450,0.4765503178594108,0.5179710144927536,0.7672413793103449,388,0.389035365371837,0.5824742268041238,0.375,False,.cache/embeddings/dutch_robbert-6649d79c424920b3.npz,e8924849dbd827352003a6c4a941d5732326f5cb3390a7214096faa2ecebb8a3,680.1350415858906,768.0,128.0
dutch_robbert__c1.0__balanced__threshold_0.35,frozen_sentence_embedding_logreg,NetherlandsForensicInstitute/robbert-2022-dutch-sentence-transformers,49e0e19472a527708e62747ffd12091e23bc1980,balanced,1.0,0.35,0.49438965276841473,0.017601118287172774,0.5857479624471269,0.024824896309984475,0.5427273468057366,0.020003165351485483,0.4947808131236467,0.5857528874065839,0.5427305888483586,0.22493224932249323,0.6916666666666667,0.3394683026584867,"{""Average"": {""f1-score"": 0.5632628758559095, ""precision"": 0.6064102564102564, ""recall"": 0.5258476931628683, ""support"": 1799.0}, ""Negative"": {""f1-score"": 0.3394683026584867, ""precision"": 0.22493224932249323, ""recall"": 0.6916666666666667, ""support"": 240.0}, ""Positive"": {""f1-score"": 0.5816112608565439, ""precision"": 0.6305194805194805, ""recall"": 0.5397443023902168, ""support"": 1799.0}}","[[971, 568, 260], [541, 946, 312], [28, 46, 166]]",1.0827653289306909,3450,0.49173528289369967,0.5362318840579711,0.7025862068965517,388,0.406221524655271,0.6005154639175257,0.375,False,.cache/embeddings/dutch_robbert-6649d79c424920b3.npz,e8924849dbd827352003a6c4a941d5732326f5cb3390a7214096faa2ecebb8a3,680.1350415858906,768.0,128.0
dutch_robbert__c1.0__balanced__threshold_0.4,frozen_sentence_embedding_logreg,NetherlandsForensicInstitute/robbert-2022-dutch-sentence-transformers,49e0e19472a527708e62747ffd12091e23bc1980,balanced,1.0,0.4,0.5065161429292342,0.016008703666460934,0.5749249458372021,0.024378447244916685,0.5596632578226858,0.018920107227185668,0.5072119156902861,0.5749282008523254,0.559666492965086,0.24623115577889448,0.6125,0.35125448028673834,"{""Average"": {""f1-score"": 0.5821459726664728, ""precision"": 0.6103658536585366, ""recall"": 0.556420233463035, ""support"": 1799.0}, ""Negative"": {""f1-score"": 0.35125448028673834, ""precision"": 0.24623115577889448, ""recall"": 0.6125, ""support"": 240.0}, ""Positive"": {""f1-score"": 0.5882352941176471, ""precision"": 0.6246096189881324, ""recall"": 0.5558643690939411, ""support"": 1799.0}}","[[1000, 582, 217], [565, 1001, 233], [36, 57, 147]]",1.0827653289306909,3450,0.5057733925454118,0.5539130434782609,0.6293103448275862,388,0.379262524169294,0.6108247422680413,0.125,False,.cache/embeddings/dutch_robbert-6649d79c424920b3.npz,e8924849dbd827352003a6c4a941d5732326f5cb3390a7214096faa2ecebb8a3,680.1350415858906,768.0,128.0
dutch_robbert__c1.0__negative_7__threshold_argmax,frozen_sentence_embedding_logreg,NetherlandsForensicInstitute/robbert-2022-dutch-sentence-transformers,49e0e19472a527708e62747ffd12091e23bc1980,negative_7,1.0,argmax,0.5085740375314287,0.014577928232648193,0.5770535437944909,0.023034771065699004,0.5609653411560191,0.016968703510299436,0.5092088613772482,0.5770582422333396,0.5609692548202189,0.25,0.6166666666666667,0.3557692307692308,"{""Average"": {""f1-score"": 0.5822416302765647, ""precision"": 0.6112469437652812, ""recall"": 0.5558643690939411, ""support"": 1799.0}, ""Negative"": {""f1-score"": 0.3557692307692308, ""precision"": 0.25, ""recall"": 0.6166666666666667, ""support"": 240.0}, ""Positive"": {""f1-score"": 0.589615723085949, ""precision"": 0.6242236024844721, ""recall"": 0.5586436909394108, ""support"": 1799.0}}","[[1005, 583, 211], [566, 1000, 233], [39, 53, 148]]",1.3371264119632542,3450,0.506660730455775,0.5542028985507247,0.6336206896551724,388,0.3855850253259052,0.6211340206185567,0.125,False,.cache/embeddings/dutch_robbert-6649d79c424920b3.npz,e8924849dbd827352003a6c4a941d5732326f5cb3390a7214096faa2ecebb8a3,680.1350415858906,768.0,128.0
dutch_robbert__c1.0__negative_7__threshold_0.25,frozen_sentence_embedding_logreg,NetherlandsForensicInstitute/robbert-2022-dutch-sentence-transformers,49e0e19472a527708e62747ffd12091e23bc1980,negative_7,1.0,0.25,0.4665777162965357,0.016886012035067028,0.59035799030228,0.02525195329711706,0.5085944290525858,0.018290650342953487,0.4668292565203939,0.5903665616700636,0.508598228243877,0.18793273986152326,0.7916666666666666,0.3037569944044764,"{""Average"": {""f1-score"": 0.5308680664368537, ""precision"": 0.6084770114942529, ""recall"": 0.4708171206225681, ""support"": 1799.0}, ""Negative"": {""f1-score"": 0.3037569944044764, ""precision"": 0.18793273986152326, ""recall"": 0.7916666666666666, ""support"": 240.0}, ""Positive"": {""f1-score"": 0.5658627087198516, ""precision"": 0.6376306620209059, ""recall"": 0.5086158977209561, ""support"": 1799.0}}","[[915, 515, 369], [500, 847, 452], [20, 30, 190]]",1.3371264119632542,3450,0.4637586698312534,0.5023188405797101,0.8060344827586207,388,0.37714682266903443,0.5644329896907216,0.375,False,.cache/embeddings/dutch_robbert-6649d79c424920b3.npz,e8924849dbd827352003a6c4a941d5732326f5cb3390a7214096faa2ecebb8a3,680.1350415858906,768.0,128.0
dutch_robbert__c1.0__negative_7__threshold_0.3,frozen_sentence_embedding_logreg,NetherlandsForensicInstitute/robbert-2022-dutch-sentence-transformers,49e0e19472a527708e62747ffd12091e23bc1980,negative_7,1.0,0.3,0.48493381386028,0.01637025347265103,0.5874048282265553,0.022046769950625513,0.5315216210343328,0.018455807474611025,0.4852918518364504,0.587414304243098,0.5315268368942158,0.2111650485436893,0.725,0.32706766917293234,"{""Average"": {""f1-score"": 0.5528948166110943, ""precision"": 0.608, ""recall"": 0.5069483046136742, ""support"": 1799.0}, ""Negative"": {""f1-score"": 0.32706766917293234, ""precision"": 0.2111650485436893, ""recall"": 0.725, ""support"": 240.0}, ""Positive"": {""f1-score"": 0.5759130697253245, ""precision"": 0.6301188903566711, ""recall"": 0.5302946081156198, ""support"": 1799.0}}","[[954, 550, 295], [532, 912, 355], [28, 38, 174]]",1.3371264119632542,3450,0.48241654751280655,0.5252173913043479,0.7370689655172413,388,0.3925996071829405,0.5876288659793815,0.375,False,.cache/embeddings/dutch_robbert-6649d79c424920b3.npz,e8924849dbd827352003a6c4a941d5732326f5cb3390a7214096faa2ecebb8a3,680.1350415858906,768.0,128.0
dutch_robbert__c1.0__negative_7__threshold_0.35,frozen_sentence_embedding_logreg,NetherlandsForensicInstitute/robbert-2022-dutch-sentence-transformers,49e0e19472a527708e62747ffd12091e23bc1980,negative_7,1.0,0.35,0.4975763458024415,0.01699030264292991,0.5804732796863716,0.03090098331770437,0.5471551091916558,0.015845945878265176,0.49822366904223775,0.5804775801371131,0.5471599791558103,0.23348017621145375,0.6625,0.34527687296416937,"{""Average"": {""f1-score"": 0.5675436003547147, ""precision"": 0.6060606060606061, ""recall"": 0.5336297943301834, ""support"": 1799.0}, ""Negative"": {""f1-score"": 0.34527687296416937, ""precision"": 0.23348017621145375, ""recall"": 0.6625, ""support"": 240.0}, ""Positive"": {""f1-score"": 0.5818505338078291, ""precision"": 0.6236490781945327, ""recall"": 0.5453029460811561, ""support"": 1799.0}}","[[981, 577, 241], [558, 960, 281], [34, 47, 159]]",1.3371264119632542,3450,0.49511386063401197,0.5405797101449276,0.6724137931034483,388,0.4108623015349489,0.6056701030927835,0.375,False,.cache/embeddings/dutch_robbert-6649d79c424920b3.npz,e8924849dbd827352003a6c4a941d5732326f5cb3390a7214096faa2ecebb8a3,680.1350415858906,768.0,128.0
dutch_robbert__c1.0__negative_7__threshold_0.4,frozen_sentence_embedding_logreg,NetherlandsForensicInstitute/robbert-2022-dutch-sentence-transformers,49e0e19472a527708e62747ffd12091e23bc1980,negative_7,1.0,0.4,0.5094306840511992,0.017672761139689918,0.5707603425152171,0.02660352716688191,0.5622687825945241,0.01706591225973776,0.5100023115047542,0.5707630782533506,0.5622720166753518,0.2572463768115942,0.5916666666666667,0.35858585858585856,"{""Average"": {""f1-score"": 0.584731058415269, ""precision"": 0.6094032549728752, ""recall"": 0.5619788771539744, ""support"": 1799.0}, ""Negative"": {""f1-score"": 0.35858585858585856, ""precision"": 0.2572463768115942, ""recall"": 0.5916666666666667, ""support"": 240.0}, ""Positive"": {""f1-score"": 0.5866900175131349, ""precision"": 0.617701290719115, ""recall"": 0.5586436909394108, ""support"": 1799.0}}","[[1005, 593, 201], [579, 1011, 209], [43, 55, 142]]",1.3371264119632542,3450,0.5089996773356537,0.5568115942028985,0.6077586206896551,388,0.379262524169294,0.6108247422680413,0.125,False,.cache/embeddings/dutch_robbert-6649d79c424920b3.npz,e8924849dbd827352003a6c4a941d5732326f5cb3390a7214096faa2ecebb8a3,680.1350415858906,768.0,128.0
