name,base_candidate,strategy,class_weight,negative_multiplier,negative_threshold,complexity_rank,cv_folds,cv_fit_seconds,oof_accuracy,oof_balanced_accuracy,oof_macro_f1,oof_positive_precision,oof_positive_recall,oof_positive_f1_score,oof_average_precision,oof_average_recall,oof_average_f1_score,oof_negative_precision,oof_negative_recall,oof_negative_f1_score,oof_confusion_matrix,cv_accuracy_mean,cv_accuracy_std,cv_balanced_accuracy_mean,cv_balanced_accuracy_std,cv_macro_f1_mean,cv_macro_f1_std,cv_positive_precision_mean,cv_positive_precision_std,cv_positive_recall_mean,cv_positive_recall_std,cv_positive_f1_score_mean,cv_positive_f1_score_std,cv_average_precision_mean,cv_average_precision_std,cv_average_recall_mean,cv_average_recall_std,cv_average_f1_score_mean,cv_average_f1_score_std,cv_negative_precision_mean,cv_negative_precision_std,cv_negative_recall_mean,cv_negative_recall_std,cv_negative_f1_score_mean,cv_negative_f1_score_std,oof_dutch_macro_f1,oof_dutch_negative_precision,oof_dutch_negative_recall,oof_dutch_negative_f1_score,oof_english_macro_f1,oof_english_negative_precision,oof_english_negative_recall,oof_english_negative_f1_score
random_oversample_negative_x2__0.40,random_oversample_negative_x2,random_oversampling,none,2,0.40,6,5,83.88137745810673,0.655549765502866,0.5227541535420913,0.553762641790613,0.6648381788261108,0.6737076153418566,0.669243511871894,0.6396946564885496,0.6987215119510839,0.6679064824654622,0.94,0.19583333333333333,0.32413793103448274,"[[1212, 585, 2], [541, 1257, 1], [70, 123, 47]]",0.6555512548891785,0.010188654359788496,0.5227558547405343,0.021427093464324382,0.5524685554036755,0.029666715345714068,0.6648485320101687,0.007169015340120416,0.6737217579696688,0.02520339150723074,0.6690316226154864,0.013947388519263946,0.6401026405723271,0.013690011710886433,0.698712472918601,0.01614160025637568,0.6678997145518052,0.008207960380302191,0.9457264957264957,0.045780382019972934,0.19583333333333333,0.05368374469468803,0.3204743290437347,0.07636282110618009,0.5569529607407896,0.94,0.2025862068965517,0.3333333333333333,0.29377971770988015,0.0,0.0,0.0
random_oversample_negative_x2__argmax,random_oversample_negative_x2,random_oversampling,none,2,argmax,5,5,83.88137745810673,0.6550286607608129,0.5211799765301711,0.5512821546934502,0.6646542261251372,0.6731517509727627,0.6688760011046673,0.6393692777212614,0.6987215119510839,0.6677290836653387,0.92,0.19166666666666668,0.31724137931034485,"[[1211, 585, 3], [541, 1257, 1], [70, 124, 46]]",0.6550300820295524,0.01011651784603148,0.5211822965026308,0.02095649028201063,0.5502281400552006,0.02931038958650884,0.6646598039460011,0.007346459020675654,0.6731662024141134,0.02544348485286048,0.6686607456523864,0.014175253680841328,0.6397591383023559,0.013022913035250981,0.6987140204271124,0.01610991769719756,0.6677163430961603,0.007693077611026191,0.9095959595959595,0.05379202810381554,0.19166666666666668,0.0517069735249619,0.31430733141705486,0.07549236785420435,0.5543951290256032,0.92,0.19827586206896552,0.3262411347517731,0.29377971770988015,0.0,0.0,0.0
negative_weight_3__argmax,negative_weight_3,class_weight,"{""Average"": 1, ""Negative"": 3, ""Positive"": 1}",1,argmax,1,5,81.88917525112629,0.6620635747785305,0.5634943795936014,0.6048762075281823,0.6688778330569375,0.6725958866036688,0.6707317073170732,0.6450617283950617,0.6970539188438021,0.6700507614213198,0.9058823529411765,0.32083333333333336,0.47384615384615386,"[[1210, 585, 4], [541, 1254, 4], [58, 105, 77]]",0.6620647272924814,0.012609242534177143,0.5634955638089342,0.026948001016123282,0.6036943372784972,0.03225204383350954,0.6688274606201242,0.008633609420249513,0.6726075518415351,0.025522175172757882,0.6705207900894433,0.015445546082876408,0.6454900524367269,0.015073575347882142,0.6970458062519345,0.012623229446212162,0.6700918147851128,0.00846819340709008,0.905151515151515,0.06532816081171519,0.32083333333333336,0.06535161308899218,0.47047040696093545,0.07902534822324203,0.6091312536879318,0.9058823529411765,0.33189655172413796,0.48580441640378547,0.29377971770988015,0.0,0.0,0.0
random_oversample_negative_x3__0.40,random_oversample_negative_x3,random_oversampling,none,3,0.40,7,5,88.05858821887523,0.6568525273579989,0.5333094002841084,0.5676547377219522,0.6652030735455543,0.6737076153418566,0.6694283347141674,0.6414322250639386,0.6970539188438021,0.6680873734683005,0.9016393442622951,0.22916666666666666,0.3654485049833887,"[[1212, 584, 3], [542, 1254, 3], [68, 117, 55]]",0.6568536777488049,0.011091135874907032,0.5333098627875786,0.021530567020921116,0.5663646126707271,0.02873375281566145,0.6652212791398198,0.008912659607316005,0.6737186629526463,0.027294130906670516,0.6691839491220761,0.015558519716872696,0.6418353351789762,0.013757625281570311,0.697044258743423,0.015412341854520287,0.6680893746384275,0.008222973822741217,0.9024725274725274,0.054406703274396846,0.22916666666666666,0.05590169943749474,0.36182051425167794,0.07499419826318703,0.5710983604885119,0.9016393442622951,0.23706896551724138,0.37542662116040953,0.29377971770988015,0.0,0.0,0.0
random_oversample_negative_x3__argmax,random_oversample_negative_x3,random_oversampling,none,3,argmax,6,5,88.05858821887523,0.6584158415841584,0.5428463343832993,0.5799053503143897,0.6659340659340659,0.6737076153418566,0.6697982868195634,0.6428937916880452,0.6964980544747081,0.6686232657417289,0.8985507246376812,0.25833333333333336,0.40129449838187703,"[[1212, 584, 3], [542, 1253, 4], [66, 112, 62]]",0.6584175358539766,0.012009077253156428,0.5428474156607861,0.02424581477353064,0.5786396703268444,0.031492761176692446,0.6659123138457834,0.010006838961298786,0.6737186629526463,0.027294130906670516,0.6695620128453721,0.016487386352456144,0.6433121906989656,0.013773198229028536,0.6964902506963788,0.014160082224277917,0.668638744166907,0.00743740032421512,0.8958333333333334,0.053229064742237694,0.25833333333333336,0.05980291706003052,0.39771825396825394,0.07939012501636068,0.5836087671576297,0.8985507246376812,0.2672413793103448,0.4119601328903654,0.29377971770988015,0.0,0.0,0.0
random_oversample_negative_x2__0.35,random_oversample_negative_x2,random_oversampling,none,2,0.35,6,5,83.88137745810673,0.6560708702449193,0.5291427336174418,0.5619899053407598,0.6653846153846154,0.6731517509727627,0.6692456479690522,0.6403061224489796,0.697609783212896,0.667730779462623,0.896551724137931,0.21666666666666667,0.348993288590604,"[[1211, 585, 3], [541, 1255, 3], [68, 120, 52]]",0.656072088222512,0.010375746325274821,0.5291442277932529,0.02016016729755214,0.5609542335807798,0.027156997060345082,0.6654190705566122,0.008107464712420073,0.6731662024141134,0.02544348485286048,0.6690344489473757,0.01416133098253808,0.6406802576668811,0.01319001113439838,0.6975998142989787,0.015755375139924702,0.6677207431756463,0.008115474640036088,0.896043956043956,0.05974375818312834,0.21666666666666665,0.05034602488997738,0.34610750861931744,0.06916641133227792,0.565307060280216,0.896551724137931,0.22413793103448276,0.3586206896551724,0.29377971770988015,0.0,0.0,0.0
negative_weight_3__0.40,negative_weight_3,class_weight,"{""Average"": 1, ""Negative"": 3, ""Positive"": 1}",1,0.40,2,5,81.88917525112629,0.6581552892131318,0.542661046260268,0.5793515397584464,0.6662995594713657,0.6725958866036688,0.669432918395574,0.6424180327868853,0.6970539188438021,0.6686217008797654,0.8857142857142857,0.25833333333333336,0.4,"[[1210, 585, 4], [541, 1254, 4], [65, 113, 62]]",0.6581561006084311,0.012012575285405782,0.5426617146394305,0.026600890224037145,0.577601010932004,0.03481126725990562,0.6663151826056583,0.008786584255761206,0.6726075518415351,0.025522175172757882,0.6692229926913302,0.014751242166872151,0.6428824227790486,0.015523016662675944,0.697044258743423,0.014268484998648152,0.6686539939286358,0.008932394457270018,0.8822619047619048,0.028393293897010185,0.25833333333333336,0.06795627679291705,0.39492604617604615,0.09014370570116426,0.5830429484595451,0.8857142857142857,0.2672413793103448,0.4105960264900662,0.29377971770988015,0.0,0.0,0.0
random_oversample_negative_x2__0.30,random_oversample_negative_x2,random_oversampling,none,2,0.30,6,5,83.88137745810673,0.6610213652944242,0.5567352232721883,0.5959946868226279,0.6683222958057395,0.6731517509727627,0.6707283301024647,0.6450617283950617,0.6970539188438021,0.6700507614213198,0.8780487804878049,0.3,0.4472049689440994,"[[1211, 582, 6], [541, 1254, 4], [60, 108, 72]]",0.6610230606258148,0.011811196590901664,0.5567368203858455,0.028674242863278725,0.5942433316101339,0.03549660450828025,0.6683731519067102,0.008743588104933085,0.6731662024141134,0.02544348485286048,0.6705204682266654,0.014301132956913732,0.6455293006305775,0.014821595933615064,0.697044258743423,0.016193567842365347,0.6700537980693743,0.008554273917029656,0.8775025799793601,0.05987987278897542,0.30000000000000004,0.07406828681096325,0.4421557285343617,0.09132674703002121,0.6000547613768481,0.8780487804878049,0.3103448275862069,0.4585987261146497,0.29377971770988015,0.0,0.0,0.0
random_oversample_negative_x3__0.35,random_oversample_negative_x3,random_oversampling,none,3,0.35,7,5,88.05858821887523,0.6618030224075039,0.5633090914705701,0.6030163275079957,0.6683222958057395,0.6731517509727627,0.6707283301024647,0.6463603510583377,0.6959421901056142,0.6702355460385439,0.8651685393258427,0.32083333333333336,0.46808510638297873,"[[1211, 581, 7], [542, 1252, 5], [59, 104, 77]]",0.6618039710995219,0.012775201868609027,0.5633088311152379,0.027380634416830366,0.6016487244073219,0.031691267750041656,0.6683306353441337,0.009820400927582011,0.6731615598885794,0.026908485249165556,0.6704964440751497,0.01596112808352801,0.646856425302009,0.01579768579851349,0.6959316001238007,0.016365270465961975,0.6702481309305449,0.009423044984781533,0.8679957469431153,0.05799558100582264,0.3208333333333333,0.06666666666666667,0.46420159821627066,0.07614235684397891,0.6071624575849318,0.8651685393258427,0.33189655172413796,0.4797507788161994,0.29377971770988015,0.0,0.0,0.0
negative_weight_5__0.40,negative_weight_5,class_weight,"{""Average"": 1, ""Negative"": 5, ""Positive"": 1}",1,0.40,3,5,82.43439701921307,0.6657113079729026,0.5901604286331912,0.6307253173414895,0.6699944536882972,0.6714841578654808,0.6707384786229872,0.6503642039542143,0.6948304613674263,0.6718624025799517,0.8584070796460177,0.4041666666666667,0.5495750708215298,"[[1208, 583, 8], [541, 1250, 8], [54, 89, 97]]",0.6657122582572794,0.012065688044649747,0.5901591354585783,0.02785733265724705,0.629310121468229,0.029944335098207694,0.6700049391296856,0.00972316193402003,0.6714933457134015,0.024627137382934015,0.670548276183079,0.014976789483201625,0.6507396692391406,0.014713283012390024,0.694817393995667,0.016954776420391317,0.6718483693921141,0.010358743453839834,0.8603653029739986,0.05519083705031185,0.4041666666666666,0.07523112535528247,0.5455337188294934,0.07628518139032743,0.6353243552163487,0.8584070796460177,0.41810344827586204,0.5623188405797102,0.29377971770988015,0.0,0.0,0.0
random_oversample_negative_x3__0.30,random_oversample_negative_x3,random_oversampling,none,3,0.30,7,5,88.05858821887523,0.6670140698280355,0.5959012723117781,0.6361095685836909,0.6714761376248612,0.6725958866036688,0.672035545681755,0.651199165797706,0.6942745969983324,0.6720473500134517,0.8559322033898306,0.42083333333333334,0.5642458100558659,"[[1210, 581, 8], [541, 1249, 9], [51, 88, 101]]",0.6670153601694915,0.012524220074038599,0.5959003920354896,0.026623913434606877,0.6351169658881387,0.028546210031450244,0.6714348139227965,0.009609471516969332,0.6726044568245125,0.026564007330419772,0.671807527928953,0.016268632915733227,0.651640329827347,0.01485677425357325,0.6942633859486228,0.016227912125353947,0.6720474577577127,0.00920529226043048,0.855152094282529,0.05674387987605836,0.4208333333333333,0.06770032003863301,0.5614959119777504,0.06899362799547375,0.6407825218499523,0.8559322033898306,0.4353448275862069,0.5771428571428572,0.29377971770988015,0.0,0.0,0.0
negative_weight_3__0.35,negative_weight_3,class_weight,"{""Average"": 1, ""Negative"": 3, ""Positive"": 1}",1,0.35,2,5,81.88917525112629,0.6638874413757165,0.5792346056451114,0.6196547661933215,0.6703662597114317,0.6714841578654808,0.6709247431269092,0.6475155279503105,0.6953863257365203,0.6705976949879389,0.8557692307692307,0.37083333333333335,0.5174418604651163,"[[1208, 583, 8], [541, 1251, 7], [53, 98, 89]]",0.6638879834854412,0.012929134236171192,0.5792337253688229,0.028626692193851968,0.6183034754520019,0.03143675151994664,0.6703247217494747,0.0088041211099374,0.6714933457134015,0.024689720845546076,0.6707281384714692,0.015102542175121605,0.6479737524442261,0.016346541087533965,0.6953744970597339,0.014808883810628759,0.6706293934341554,0.010241926648293619,0.8611228192097757,0.06940318125286385,0.3708333333333333,0.07144345083117602,0.5135528944503814,0.07571676141816559,0.624056458339111,0.8557692307692307,0.38362068965517243,0.5297619047619048,0.29377971770988015,0.0,0.0,0.0
random_oversample_negative_x2__0.25,random_oversample_negative_x2,random_oversampling,none,2,0.25,6,5,83.88137745810673,0.6670140698280355,0.5971048730776357,0.636855769753797,0.6716666666666666,0.6720400222345748,0.6718532925812726,0.651199165797706,0.6942745969983324,0.6720473500134517,0.85,0.425,0.5666666666666667,"[[1209, 582, 8], [540, 1249, 10], [51, 87, 102]]",0.6670156996957843,0.011016995098574282,0.597105127411534,0.028314526284910362,0.6353932294505997,0.028758350260371893,0.6716600647338068,0.008307857836859039,0.6720519962859797,0.024380364274616376,0.6716600832324681,0.014371206483661024,0.6516237595491001,0.01441130113261806,0.6942633859486228,0.016417002511249806,0.6720383641380898,0.008946845497130467,0.8520434227330778,0.04435087716170688,0.425,0.07750448015724282,0.562481240981241,0.07391986762759993,0.6415246810181477,0.85,0.4396551724137931,0.5795454545454546,0.29377971770988015,0.0,0.0,0.0
negative_weight_5__argmax,negative_weight_5,class_weight,"{""Average"": 1, ""Negative"": 5, ""Positive"": 1}",1,argmax,2,5,82.43439701921307,0.667274622199062,0.6009009634982397,0.6392246748483127,0.6718576195773082,0.6714841578654808,0.6716708368084515,0.6520376175548589,0.6937187326292384,0.6722326959332077,0.8333333333333334,0.4375,0.5737704918032787,"[[1208, 582, 9], [539, 1248, 12], [51, 84, 105]]",0.667276455888744,0.010377125527177167,0.6009003920354895,0.02714906283419493,0.6377512290437071,0.026112713506417386,0.6718972440924993,0.008964142253376495,0.6714948932219127,0.024419940753986673,0.6714798050653605,0.014227908065669264,0.6523901925798081,0.013003063681735778,0.6937062828845559,0.01581207182211365,0.6722139375058162,0.008418065127520408,0.8375995056142116,0.050782462781945946,0.4375,0.08014743359029727,0.5695599445599446,0.070590443244092,0.6438794416189003,0.8333333333333334,0.4525862068965517,0.5865921787709497,0.29377971770988015,0.0,0.0,0.0
negative_weight_3__0.30,negative_weight_3,class_weight,"{""Average"": 1, ""Negative"": 3, ""Positive"": 1}",1,0.30,2,5,81.88917525112629,0.6677957269411151,0.6084931443394478,0.6442016008388894,0.6727982162764772,0.6709282934963868,0.6718619537990537,0.6528578919769271,0.6920511395219566,0.6718834322719913,0.8102189781021898,0.4625,0.5888594164456233,"[[1207, 581, 11], [539, 1245, 15], [48, 81, 111]]",0.6677972892220773,0.010332843395020112,0.6084929846280822,0.026010844161967184,0.642955806275953,0.024069053021356496,0.6727823759412225,0.008329190926779423,0.6709377901578458,0.024001175039166267,0.6716742765592996,0.014357985438584797,0.6532754965837808,0.013905920437599988,0.6920411637264006,0.012965183495727754,0.6719045204426243,0.007118461442041815,0.8127726142245197,0.03387080636215763,0.4625,0.07383352144445562,0.5852886218259352,0.062196477668243905,0.648809086547176,0.8102189781021898,0.47844827586206895,0.6016260162601627,0.29377971770988015,0.0,0.0,0.0
negative_weight_7__0.40,negative_weight_7,class_weight,"{""Average"": 1, ""Negative"": 7, ""Positive"": 1}",1,0.40,4,5,83.87968079000711,0.6675351745700886,0.6083078562164165,0.6435591413272556,0.6720489977728286,0.6709282934963868,0.6714881780250348,0.6533613445378151,0.6914952751528627,0.6718876586551444,0.8043478260869565,0.4625,0.5873015873015873,"[[1207, 580, 12], [540, 1244, 15], [49, 80, 111]]",0.6675365330291178,0.010957242772071964,0.6083067677705561,0.024268027476386532,0.642574714980382,0.022793115801878254,0.6720745428863169,0.00994543276834688,0.6709377901578459,0.025858248120344315,0.6712754774347739,0.015507113200580997,0.6537759769886655,0.013641227902064424,0.6914825131538224,0.015683576493379453,0.6718772389349437,0.007964366470472453,0.8074550098688029,0.04699770872192801,0.4625,0.067700320038633,0.5845714285714285,0.05729567392467394,0.6481271837303401,0.8043478260869565,0.47844827586206895,0.6,0.29377971770988015,0.0,0.0,0.0
negative_weight_5__0.35,negative_weight_5,class_weight,"{""Average"": 1, ""Negative"": 5, ""Positive"": 1}",1,0.35,3,5,82.43439701921307,0.6677957269411151,0.6133075474028781,0.6463482151798482,0.6726256983240223,0.669260700389105,0.6709389802173308,0.6540483701366983,0.6914952751528627,0.6722507430424209,0.7876712328767124,0.4791666666666667,0.5958549222797928,"[[1204, 580, 15], [539, 1244, 16], [47, 78, 115]]",0.6677969496957845,0.009161201241564993,0.6133067677705561,0.02488912759806935,0.6451678768210504,0.02140021080334522,0.6726865079921787,0.008867857909011265,0.6692695759826679,0.024033865700780324,0.6707508433595031,0.013801447297292577,0.6544315861493756,0.013079370372503809,0.6914840606623337,0.01473469604824279,0.6722440197569675,0.007387084212565776,0.7912650221378874,0.03954922531730289,0.4791666666666667,0.07336173692357921,0.5925087673466803,0.058434913244292355,0.6509128924353192,0.7876712328767124,0.4956896551724138,0.6084656084656085,0.29377971770988015,0.0,0.0,0.0
balanced__0.40,balanced,class_weight,balanced,1,0.40,1,5,80.84353260020725,0.670922355393434,0.6167346056451115,0.64873333850219,0.6742508324084351,0.6753752084491385,0.6748125520688698,0.6592474827768945,0.6914952751528627,0.6749864351600651,0.7785234899328859,0.48333333333333334,0.596401028277635,"[[1215, 569, 15], [537, 1244, 18], [50, 74, 116]]",0.6709219496957844,0.009056346896932396,0.616732693696482,0.024408798986585604,0.6474790691358728,0.020641648371783495,0.6743381417665668,0.009371559121779609,0.6753822346022904,0.02587609596902835,0.6745936640108269,0.01452079580653647,0.6596652757988002,0.012981913169426573,0.6914825131538224,0.016638472560741524,0.6749550664119289,0.007264828309265899,0.7833333333333334,0.04283771054158292,0.4833333333333334,0.075,0.5928884769848625,0.057761986037229075,0.6529622352205537,0.7785234899328859,0.5,0.6089238845144357,0.28278167522011394,0.0,0.0,0.0
negative_weight_7__argmax,negative_weight_7,class_weight,"{""Average"": 1, ""Negative"": 7, ""Positive"": 1}",1,argmax,3,5,83.87968079000711,0.6683168316831684,0.6172889259465135,0.6486084011307226,0.6750700280112045,0.669816564758199,0.6724330357142857,0.6533403471856918,0.6903835464146748,0.6713513513513514,0.7763157894736842,0.49166666666666664,0.6020408163265306,"[[1205, 580, 14], [537, 1242, 20], [43, 79, 118]]",0.6683181225554107,0.011449876412225663,0.6172882492520376,0.02789890677576129,0.6474106848760195,0.02541018032374414,0.6752485735860215,0.011820949112948244,0.6698266790467347,0.023525497303235762,0.6722768185100506,0.01379613031180509,0.6537114942362318,0.014076522431435548,0.6903714020427112,0.015027050781021158,0.6713517558999569,0.0091485267168456,0.7775833969951617,0.0392314163551509,0.4916666666666667,0.0775044801572428,0.5986034802180514,0.06424199367936524,0.6531188269463842,0.7763157894736842,0.5086206896551724,0.6145833333333334,0.29377971770988015,0.0,0.0,0.0
random_oversample_negative_x3__0.25,random_oversample_negative_x3,random_oversampling,none,3,0.25,7,5,88.05858821887523,0.6667535174570088,0.6197879995058982,0.6466869844567416,0.673572228443449,0.6687048360200111,0.6711297071129707,0.6541313559322034,0.6864924958310172,0.6699213452671549,0.7378048780487805,0.5041666666666667,0.599009900990099,"[[1203, 578, 18], [539, 1235, 25], [44, 75, 121]]",0.6667556225554108,0.011330314243058092,0.6197877334158671,0.02604628772399903,0.6457421015807502,0.022566445891386597,0.6736433932580863,0.009976022294795097,0.668712472918601,0.024707491329146545,0.6709356571105728,0.014524271479092856,0.6546087783680727,0.015975285283131115,0.6864840606623337,0.011270031173537188,0.669981744323519,0.008462511857206742,0.7399738448125545,0.03781540402311114,0.5041666666666667,0.07021791477646966,0.5963089033081588,0.05465386835347507,0.6509005011045002,0.7378048780487805,0.521551724137931,0.6111111111111112,0.29377971770988015,0.0,0.0,0.0
negative_weight_10__0.40,negative_weight_10,class_weight,"{""Average"": 1, ""Negative"": 10, ""Positive"": 1}",1,0.40,5,5,81.7777871307917,0.6662324127149557,0.6182138224939782,0.6452868676117999,0.673572228443449,0.6687048360200111,0.6711297071129707,0.6532556908417152,0.6859366314619233,0.6691973969631236,0.7361963190184049,0.5,0.5955334987593052,"[[1203, 579, 17], [539, 1234, 26], [44, 76, 120]]",0.6662347892220774,0.010833485893926202,0.6182136593417931,0.028398671143599865,0.6440133434927643,0.02412787045981869,0.6737042729787002,0.010464362828093524,0.6687155679356238,0.02460758016329723,0.6709417435342191,0.014078612045791705,0.6537324188469485,0.015353157334029397,0.6859254100897556,0.012715369971719376,0.6692359994915591,0.008023296040537259,0.7403783162696576,0.04452683201848825,0.5,0.08014743359029727,0.5918622874525141,0.06136345174766036,0.6492435991856867,0.7361963190184049,0.5172413793103449,0.6075949367088608,0.2986293706293706,0.0,0.0,0.0
balanced__argmax,balanced,class_weight,balanced,1,argmax,0,5,80.84353260020725,0.6698801459093278,0.6220114569822741,0.6484564362831063,0.6761585706309324,0.6731517509727627,0.6746518105849583,0.6583421891604676,0.688715953307393,0.6731866340668297,0.7333333333333333,0.5041666666666667,0.5975308641975309,"[[1211, 569, 19], [535, 1239, 25], [45, 74, 121]]",0.6698809620817036,0.010441222922883816,0.6220104714742598,0.029208190382907572,0.6472435121804612,0.026896847313233052,0.6763050421609087,0.011162940715829054,0.6731584648715568,0.024857105170314447,0.6744637364497515,0.014360841240583015,0.6587681291911576,0.014086000024003599,0.6887062828845558,0.012791702546173537,0.6732081302101772,0.007033096197118881,0.7332921631308729,0.054212691984634666,0.5041666666666667,0.08477912478906584,0.5940586698814547,0.07332889889205191,0.6524100900134808,0.7333333333333333,0.521551724137931,0.6095717884130982,0.28278167522011394,0.0,0.0,0.0
negative_weight_7__0.35,negative_weight_7,class_weight,"{""Average"": 1, ""Negative"": 7, ""Positive"": 1}",1,0.35,4,5,83.87968079000711,0.6670140698280355,0.6223804891606447,0.6480651089266972,0.6752808988764045,0.6681489716509171,0.6716960044705225,0.6534391534391535,0.6864924958310172,0.6695581458389808,0.7321428571428571,0.5125,0.6029411764705882,"[[1202, 579, 18], [537, 1235, 27], [41, 76, 123]]",0.6670156996957844,0.010893186282759428,0.6223798101722894,0.027584214479622716,0.6469823797254819,0.02343910281061727,0.6754240495428678,0.011271339731557462,0.6681584648715567,0.024255910930173912,0.6715203563453814,0.014230957509162187,0.6538494368134037,0.014509527850312228,0.686480965645311,0.013591411779455258,0.6695767421377188,0.008407684114406556,0.7352796769604919,0.04622722904286665,0.5125,0.0775044801572428,0.5998500406933454,0.05994082071668395,0.6522663153402256,0.7321428571428571,0.5301724137931034,0.615,0.29377971770988015,0.0,0.0,0.0
random_oversample_negative_x2__0.20,random_oversample_negative_x2,random_oversampling,none,2,0.20,6,5,83.88137745810673,0.667274622199062,0.6237693780495337,0.6488317995060551,0.6752808988764045,0.6681489716509171,0.6716960044705225,0.6541313559322034,0.6864924958310172,0.6699213452671549,0.7294117647058823,0.5166666666666667,0.6048780487804878,"[[1202, 579, 18], [536, 1235, 28], [42, 74, 124]]",0.667276455888744,0.010377125527177167,0.6237707624058599,0.02409856869968496,0.6480417072186826,0.020770326244103937,0.6753784743251819,0.009601958029744208,0.6681615598885795,0.022976170253385914,0.6715331854280723,0.013205242549595403,0.6545619296734553,0.014710660824711256,0.6864840606623337,0.011540643056549007,0.6699618551665216,0.007503487076512711,0.7301014301014301,0.029759341299765093,0.5166666666666667,0.0650854139658888,0.6026300810614537,0.050176391498808044,0.6530455769758187,0.7294117647058823,0.5344827586206896,0.6169154228855721,0.29377971770988015,0.0,0.0,0.0
negative_weight_3__0.25,negative_weight_3,class_weight,"{""Average"": 1, ""Negative"": 3, ""Positive"": 1}",1,0.25,2,5,81.88917525112629,0.6675351745700886,0.6275654684701376,0.6511641130418101,0.6764374295377678,0.6670372429127293,0.6717044500419815,0.6537850714663843,0.6864924958310172,0.6697396963123644,0.7257142857142858,0.5291666666666667,0.6120481927710844,"[[1200, 580, 19], [535, 1235, 29], [39, 74, 127]]",0.6675372120817036,0.010165342727047605,0.6275655111936448,0.024412610893699116,0.6505026570881401,0.02151684654456602,0.6764988421040824,0.009074585760261922,0.6670458062519344,0.02294643199306214,0.6715355914228736,0.013387896737365793,0.6541972282645709,0.014564280677955578,0.6864840606623337,0.00996171796803752,0.6697901152460236,0.007191678688330813,0.727868427868428,0.050370324525416905,0.5291666666666667,0.06795627679291703,0.610182264595523,0.05510594999167289,0.6553796280640376,0.7257142857142858,0.5474137931034483,0.6240786240786241,0.29377971770988015,0.0,0.0,0.0
negative_weight_5__0.30,negative_weight_5,class_weight,"{""Average"": 1, ""Negative"": 5, ""Positive"": 1}",1,0.30,3,5,82.43439701921307,0.667274622199062,0.628583781112964,0.6511073506388487,0.6760722347629797,0.6659255141745414,0.6709605152618314,0.6541313559322034,0.6864924958310172,0.6699213452671549,0.7191011235955056,0.5333333333333333,0.6124401913875598,"[[1198, 580, 21], [535, 1235, 29], [39, 73, 128]]",0.6672764558887441,0.010145291433665542,0.628583513875993,0.023803494350421582,0.6504716516010901,0.021457758943004505,0.6762188010189667,0.010431467935652205,0.6659346951408234,0.024118504540668613,0.6707781775516551,0.013681007958193308,0.6544998693079032,0.013737839619591167,0.6864825131538225,0.01185028829993338,0.6699466175793843,0.007562038250095734,0.7212015626649773,0.052391919279309786,0.5333333333333334,0.06795627679291703,0.6106901596722307,0.056077152506352125,0.6553002821617177,0.7191011235955056,0.5517241379310345,0.624390243902439,0.29377971770988015,0.0,0.0,0.0
balanced__0.35,balanced,class_weight,balanced,1,0.35,1,5,80.84353260020725,0.6701406982803544,0.6306219504663085,0.6527044866012706,0.6769316909294513,0.6720400222345748,0.6744769874476988,0.6593699946609717,0.6864924958310172,0.6726579520697168,0.7150837988826816,0.5333333333333333,0.6109785202863962,"[[1209, 569, 21], [534, 1235, 30], [43, 69, 128]]",0.6701406996957845,0.00918292007330979,0.6306210667492005,0.021961153551875483,0.6519729937032627,0.018413963223304786,0.6770894708128751,0.011244394750798428,0.6720473537604457,0.025847714885787576,0.6742695910365044,0.014763742986292065,0.6597806246308535,0.013014958642532895,0.6864825131538225,0.012969468399642125,0.6726651414785563,0.005748956982583288,0.7179876569742915,0.045887058642937094,0.5333333333333334,0.06795627679291703,0.6089842485947273,0.051381582432151594,0.6565574268756027,0.7150837988826816,0.5517241379310345,0.6228710462287105,0.28278167522011394,0.0,0.0,0.0
negative_weight_10__argmax,negative_weight_10,class_weight,"{""Average"": 1, ""Negative"": 10, ""Positive"": 1}",1,argmax,4,5,81.7777871307917,0.6659718603439291,0.6228429374343771,0.6457868836138944,0.6745495495495496,0.6659255141745414,0.6702097902097902,0.6539480657127716,0.6859366314619233,0.6695604991861096,0.7085714285714285,0.5166666666666667,0.5975903614457831,"[[1198, 578, 23], [537, 1234, 28], [41, 75, 124]]",0.6659747120817036,0.011870433628407943,0.6228427731352524,0.03187748865163639,0.6445840390764361,0.029082778846270963,0.6746652395425269,0.01018434500375725,0.6659346951408234,0.02373149263657333,0.6700332215204714,0.013720693776191938,0.6544002444465811,0.01562669377267,0.6859269575982668,0.012550245750364824,0.6696045557750716,0.008853674760691032,0.7060496142075089,0.05071926828478756,0.5166666666666667,0.08878031563609383,0.5941143399337654,0.07511243579963883,0.6496679523468155,0.7085714285714285,0.5344827586206896,0.6093366093366094,0.2986293706293706,0.0,0.0,0.0
negative_weight_10__0.35,negative_weight_10,class_weight,"{""Average"": 1, ""Negative"": 10, ""Positive"": 1}",1,0.35,5,5,81.7777871307917,0.6664929650859823,0.6388603236365883,0.652465577138898,0.6768707482993197,0.6637020566981656,0.6702217232669099,0.6557990379476216,0.6820455808782657,0.6686648501362398,0.6748768472906403,0.5708333333333333,0.618510158013544,"[[1194, 578, 27], [533, 1227, 39], [37, 66, 137]]",0.6664945268361582,0.009794054541606152,0.6388587124729186,0.022021876685137016,0.6517969031193792,0.01629547110334351,0.6770057252923742,0.009403123458519022,0.6637109254100897,0.02338084052898105,0.6700438086344223,0.012983022499678552,0.6561754995676792,0.01432483828040373,0.6820318786753328,0.014864975930347791,0.6686639784485889,0.009310476030615668,0.6758957644422761,0.020677534154237995,0.5708333333333334,0.06263873490988713,0.6166829222751262,0.038606962674704,0.6561480329175429,0.6748768472906403,0.5905172413793104,0.6298850574712643,0.2986293706293706,0.0,0.0,0.0
negative_weight_7__0.30,negative_weight_7,class_weight,"{""Average"": 1, ""Negative"": 7, ""Positive"": 1}",1,0.30,4,5,83.87968079000711,0.6667535174570088,0.646267216354765,0.6540545037938816,0.6778599886169607,0.6620344635908838,0.6698537682789651,0.6578947368421053,0.6809338521400778,0.6692160611854685,0.6529680365296804,0.5958333333333333,0.6230936819172114,"[[1191, 575, 33], [531, 1225, 43], [35, 62, 143]]",0.666754603976532,0.009754233159534607,0.6462645723718148,0.02096801672687437,0.6535409808813004,0.015728924327556595,0.6779859513201469,0.009680206135608535,0.6620411637264005,0.023050087795985982,0.6696823104608578,0.013113120790812042,0.6582656341085769,0.014352421669503812,0.6809192200557103,0.016724477276798332,0.6691925653938974,0.01009895497744945,0.6526448516261458,0.024995083007677953,0.5958333333333333,0.05980291706003051,0.6217480667891463,0.04056438840884051,0.6578532938026531,0.6529680365296804,0.6163793103448276,0.6341463414634146,0.29377971770988015,0.0,0.0,0.0
balanced__0.30,balanced,class_weight,balanced,1,0.30,1,5,80.84353260020725,0.6677957269411151,0.6518227719103206,0.6529215536766665,0.6797720797720798,0.6631461923290717,0.6713562183455262,0.6625135427952329,0.67982212340189,0.6710562414266118,0.620253164556962,0.6125,0.6163522012578616,"[[1193, 565, 41], [527, 1223, 49], [35, 58, 147]]",0.6677959311169058,0.009344794033412608,0.6518196120911999,0.017267866324882895,0.652634888226667,0.014101698482451436,0.6798397662588971,0.008868710936434081,0.6631522748375117,0.02521963297254581,0.6711374416071821,0.014446714583255504,0.6629098335299222,0.014492467025463505,0.679806561436088,0.01799011650938709,0.6710144369801581,0.010194331908162177,0.6200758523912466,0.030804319305576682,0.6125,0.04859126579037751,0.615752786092661,0.036643706028306126,0.6561614067979442,0.620253164556962,0.6336206896551724,0.6268656716417911,0.28278167522011394,0.0,0.0,0.0
random_oversample_negative_x3__0.20,random_oversample_negative_x3,random_oversampling,none,3,0.20,7,5,88.05858821887523,0.6646690984887963,0.6447849113705145,0.6476615559984263,0.6786735277301315,0.659811006114508,0.669109357384442,0.6575121163166397,0.6787103946637021,0.6679431072210066,0.6163793103448276,0.5958333333333333,0.6059322033898306,"[[1187, 572, 40], [529, 1221, 49], [33, 64, 143]]",0.6646709311169057,0.010697624403306589,0.6447820592179924,0.024489360184926198,0.6469865335591796,0.017393210477599032,0.678659221805298,0.00843090966595549,0.659817393995667,0.025410031040577905,0.668885512394285,0.015230259410346378,0.6580063684845938,0.01602546648864763,0.6786954503249769,0.01628464728472607,0.6679445896767536,0.009847179070807484,0.6156904040722744,0.019196588380935437,0.5958333333333333,0.06795627679291706,0.6041294986065004,0.04140618281740905,0.6511662080517485,0.6163793103448276,0.6163793103448276,0.6163793103448276,0.29377971770988015,0.0,0.0,0.0
negative_weight_5__0.25,negative_weight_5,class_weight,"{""Average"": 1, ""Negative"": 5, ""Positive"": 1}",1,0.25,3,5,82.43439701921307,0.6646690984887963,0.6495993144339448,0.649595587780786,0.6789201608271108,0.6570316842690384,0.6677966101694915,0.658050619278406,0.679266259032796,0.6684901531728665,0.6125,0.6125,0.6125,"[[1182, 575, 42], [526, 1222, 51], [33, 60, 147]]",0.6646705915906128,0.010123218177021106,0.6495968740328072,0.01858776659650055,0.649255782640798,0.01450150832114014,0.6789722483054706,0.008669201846795182,0.6570396162178892,0.023757278592065955,0.6676041222802469,0.013911918773383686,0.6584264110708615,0.014872762286526009,0.6792510058805323,0.01756742853888488,0.6684602414736516,0.010858328991661328,0.611913405743193,0.02027835331097324,0.6125,0.04859126579037751,0.6117029841684959,0.03281158771672777,0.6531163762219739,0.6125,0.6336206896551724,0.6228813559322034,0.29377971770988015,0.0,0.0,0.0
negative_weight_10__0.30,negative_weight_10,class_weight,"{""Average"": 1, ""Negative"": 10, ""Positive"": 1}",1,0.30,5,5,81.7777871307917,0.6654507556018759,0.6561731826323266,0.6524844181272341,0.6798850574712644,0.6575875486381323,0.6685504379768296,0.6596320346320347,0.6775986659255142,0.6684946531395668,0.608,0.6333333333333333,0.6204081632653061,"[[1183, 571, 45], [527, 1219, 53], [30, 58, 152]]",0.6654528601694916,0.010328932254721142,0.6561709481068813,0.01866230362308715,0.6521601963205164,0.014465917988846985,0.6798713120632469,0.007069559515093916,0.6575967192819562,0.025301995291111073,0.6683200303450781,0.014767917346677812,0.6600998856652627,0.01551981342053945,0.6775827917053544,0.017617245922737654,0.6684727433573258,0.010275466620576856,0.6075512061691214,0.01714116488177159,0.6333333333333334,0.04677071733467427,0.6196878152591453,0.029319944695624083,0.6557673974620414,0.608,0.6551724137931034,0.6307053941908713,0.2986293706293706,0.0,0.0,0.0
negative_weight_3__0.20,negative_weight_3,class_weight,"{""Average"": 1, ""Negative"": 3, ""Positive"": 1}",1,0.20,2,5,81.88917525112629,0.6651902032308494,0.6547842937434377,0.6507603910039225,0.6805074971164936,0.6559199555308505,0.6679875459949052,0.6594711279007016,0.679266259032796,0.6692223439211391,0.601593625498008,0.6291666666666667,0.615071283095723,"[[1180, 572, 47], [524, 1222, 53], [30, 59, 151]]",0.665191764450239,0.008923719854205247,0.6547820592179924,0.015473890957742917,0.6505018173423374,0.010825968997066556,0.6804750199639454,0.006453124741629131,0.6559269575982668,0.022896227536466966,0.6677997028408938,0.013614179862730558,0.6598824881286462,0.01504394983817634,0.6792525533890436,0.015477801216300094,0.6692201032531042,0.009688927888206876,0.6012023130765309,0.015381629494211558,0.6291666666666667,0.042491829279939886,0.6144856459330142,0.02682126425363171,0.6542756879436814,0.601593625498008,0.6508620689655172,0.6252587991718427,0.29377971770988015,0.0,0.0,0.0
negative_weight_7__0.25,negative_weight_7,class_weight,"{""Average"": 1, ""Negative"": 7, ""Positive"": 1}",1,0.25,4,5,83.87968079000711,0.6649296508598228,0.6714494163424125,0.6519378766621673,0.6837507280139778,0.6525847693162868,0.6678043230944255,0.6635667396061269,0.6742634797109506,0.6688723462917011,0.5631399317406144,0.6875,0.6191369606003753,"[[1174, 565, 60], [518, 1213, 68], [25, 50, 165]]",0.6649282920469362,0.011667983012882847,0.6714456308676364,0.017456647097664535,0.6518203421612047,0.016355595283352353,0.6838401215341519,0.008087835060935931,0.6525920767564222,0.024176140109879306,0.6675961369386797,0.013581235213862957,0.663867260448509,0.015624435927304692,0.6742448158464871,0.019774325468398003,0.6688110672108627,0.013390587200441353,0.563224178308972,0.02976774638877092,0.6875000000000001,0.03952847075210473,0.6190538223340717,0.03286225374703392,0.6551500813698338,0.5631399317406144,0.7112068965517241,0.6285714285714286,0.29377971770988015,0.0,0.0,0.0
negative_weight_10__0.25,negative_weight_10,class_weight,"{""Average"": 1, ""Negative"": 10, ""Positive"": 1}",1,0.25,5,5,81.7777871307917,0.6578947368421053,0.6772790439132851,0.6395347980690255,0.6849881796690307,0.6442468037798778,0.6639931251790318,0.6629588431590656,0.6625903279599777,0.6627745343341673,0.5,0.725,0.5918367346938775,"[[1159, 564, 76], [509, 1192, 98], [24, 42, 174]]",0.6578919491525423,0.01535290703789026,0.6772743216754359,0.015874237151641716,0.6397497714156809,0.020247222363432394,0.685024398637733,0.008515013210809518,0.6442571959145775,0.027648929437624727,0.6637095565345422,0.016303936167815027,0.6632159825207588,0.017457549635176758,0.66256576911173,0.02425503991974592,0.6626509429699305,0.017144830402628854,0.502424501867995,0.04165055033179426,0.725,0.027638539919628335,0.5928888147425696,0.03535884747582142,0.6416186545016195,0.5,0.75,0.6,0.2986293706293706,0.0,0.0,0.0
balanced__0.25,balanced,class_weight,balanced,1,0.25,1,5,80.84353260020725,0.6610213652944242,0.6746880983262306,0.6401608538066188,0.6868746321365509,0.6486937187326293,0.6672384219554031,0.6670372429127293,0.6670372429127293,0.6670372429127293,0.5,0.7083333333333334,0.5862068965517241,"[[1167, 554, 78], [507, 1200, 92], [25, 45, 170]]",0.6610166096262494,0.01563311400290824,0.6746827607551842,0.0184844592707919,0.6403716930872752,0.021773284258369854,0.686888720485707,0.00932652281836591,0.648701640359022,0.027989492332670687,0.6669544331632148,0.01687770475862137,0.667273805885008,0.016509487502565885,0.6670133085731971,0.024227091842582243,0.6669019137971304,0.016463146022047164,0.5028083028083029,0.045771686305055875,0.7083333333333333,0.03952847075210477,0.5872587323014802,0.040294665919771794,0.6422899996027226,0.5,0.7327586206896551,0.5944055944055944,0.28278167522011394,0.0,0.0,0.0
negative_weight_5__0.20,negative_weight_5,class_weight,"{""Average"": 1, ""Negative"": 5, ""Positive"": 1}",1,0.20,3,5,82.43439701921307,0.6568525273579989,0.6765378914211598,0.6360995222286863,0.685459940652819,0.642023346303502,0.6630309988518944,0.664066852367688,0.6625903279599777,0.6633277685030606,0.4860335195530726,0.725,0.5819397993311036,"[[1155, 560, 84], [507, 1192, 100], [23, 43, 174]]",0.6568485848544112,0.015290890220477471,0.6765335809346952,0.016274163288203473,0.6364293170862745,0.021021891108351023,0.6855138658624036,0.008731982224705377,0.6420334261838441,0.025887656804361663,0.662786707845308,0.01531701080320675,0.6643131721907569,0.016149077201139804,0.6625673166202415,0.023971969492226537,0.663194457945316,0.01614785334459786,0.4889927568148732,0.044919337953985485,0.725,0.027638539919628335,0.5833067854681996,0.038412885865831164,0.63832814480423,0.4860335195530726,0.75,0.5898305084745763,0.29377971770988015,0.0,0.0,0.0
negative_weight_7__0.20,negative_weight_7,class_weight,"{""Average"": 1, ""Negative"": 7, ""Positive"": 1}",1,0.20,4,5,83.87968079000711,0.6477331943720688,0.6820888147736396,0.6203614285982723,0.6891317547055252,0.6309060589216231,0.6587347649448636,0.6642003414911781,0.6486937187326293,0.656355455568054,0.423963133640553,0.7666666666666667,0.5459940652818991,"[[1135, 551, 113], [495, 1167, 137], [17, 39, 184]]",0.6477295876792699,0.015678898727153126,0.6820850098008872,0.016770445046790053,0.6205122740537357,0.019282189125271215,0.6891475326965996,0.010180759001407023,0.6309161250386877,0.028112573734140972,0.6584418673893919,0.017580304718264564,0.6644988155095561,0.016290954186682017,0.6486722376973073,0.02249584683750488,0.6562419593634141,0.015203747587310478,0.42566324954631457,0.03235508354076952,0.7666666666666666,0.03333333333333335,0.5468529954084007,0.031678894806714326,0.6215709350319173,0.423963133640553,0.7931034482758621,0.5525525525525525,0.29377971770988015,0.0,0.0,0.0
negative_weight_10__0.20,negative_weight_10,class_weight,"{""Average"": 1, ""Negative"": 10, ""Positive"": 1}",1,0.20,5,5,81.7777871307917,0.6391349661281918,0.6892139151380396,0.6092373197592575,0.6901669758812616,0.6203446359088383,0.6533957845433255,0.6647264260768335,0.6347971095052807,0.649417116860961,0.38767395626242546,0.8125,0.5248990578734859,"[[1116, 546, 137], [486, 1142, 171], [15, 30, 195]]",0.639131423837462,0.015357950492394913,0.6892115444134943,0.01737806733219134,0.609378951511252,0.018777691175681944,0.690248084017081,0.01306870047709272,0.6203528319405757,0.03025660868004545,0.6530595002113747,0.019536516745778477,0.665139330944225,0.014695112224371342,0.6347818012999071,0.018956755283892103,0.6493418240298889,0.011112374799775856,0.38915553183054585,0.029255937500767236,0.8125,0.03726779962499646,0.5257355302924924,0.030801540123868824,0.6093329616641273,0.38767395626242546,0.8405172413793104,0.5306122448979592,0.2986293706293706,0.0,0.0,0.0
balanced__0.20,balanced,class_weight,balanced,1,0.20,1,5,80.84353260020725,0.6396560708702449,0.6907880921499597,0.6076329154089763,0.6936881188118812,0.623123957754308,0.656515373352855,0.6682325308279506,0.6325736520289049,0.6499143346659052,0.37764932562620424,0.8166666666666667,0.5164690382081687,"[[1121, 536, 142], [480, 1138, 181], [15, 29, 196]]",0.6396505595393308,0.016190903328536344,0.690784070979057,0.016788495556981795,0.6077625579547341,0.01892761433165212,0.693696072438039,0.013819820410932326,0.6231259671928195,0.03162563201162046,0.6561502929949233,0.021021692939436176,0.6685548141606561,0.013604844947389538,0.6325595790776849,0.019398196654866133,0.6498187446405834,0.011555642057696372,0.37907648121685444,0.027596336030382036,0.8166666666666667,0.03333333333333331,0.5173186362286956,0.02900813459950187,0.6073691800732411,0.37764932562620424,0.8448275862068966,0.521970705725699,0.28278167522011394,0.0,0.0,0.0
